step,type,amount,nameOrig,oldbalanceOrg,newbalanceOrig,nameDest,oldbalanceDest,newbalanceDest,isFraud,isFlaggedFraud
382,CASH_OUT,283639,C786579303,164329,24578,C826517607,739126,620632,1,1
579,TRANSFER,232077,C219540831,213933,254927,C683246764,269578,44258,1,0
186,DEBIT,91388,C126855092,22076,332346,C507693523,328624,548892,0,0
346,PAYMENT,111066,C896233790,207028,232459,M523625992,54604,489114,0,0
238,TRANSFER,107541,C395310485,339205,301614,C978726109,629443,120384,0,0
347,DEBIT,244259,C362950628,396562,235067,C470585534,257571,748081,0,0
251,TRANSFER,42417,C339670711,225864,84242,C930071496,653197,612666,0,0
655,PAYMENT,68753,C249827706,347821,269417,M963949678,726787,231898,0,0
269,CASH_OUT,254236,C890779946,188929,311560,C257277541,484859,141248,1,1
437,TRANSFER,136360,C210053353,219123,178725,C411871167,784147,560451,0,0
399,DEBIT,243566,C826600539,475551,267356,C145168545,606990,454906,0,0
242,PAYMENT,278504,C895285932,391407,68259,M408840720,272126,496336,0,0
229,DEBIT,286739,C685582861,423206,121399,C866803374,658559,760395,0,0
410,TRANSFER,176093,C193349856,37361,233725,C184857208,478803,164562,0,0
435,CASH_OUT,238602,C734036506,427867,180294,C471904990,41291,741511,1,0
503,DEBIT,179147,C553035110,801,371427,C574997731,82641,239026,0,0
623,TRANSFER,234956,C134126396,236436,410275,C804344630,447564,43794,1,1
336,PAYMENT,268882,C131994523,193691,496195,M375354619,125801,80799,0,0
599,DEBIT,93750,C200604502,57645,255035,C902448600,54306,126866,0,0
136,DEBIT,144675,C334760738,391995,222159,C614407444,369006,363116,0,0
647,DEBIT,104288,C349817734,408845,282781,C329766590,410092,599857,0,0
580,PAYMENT,103219,C642621108,461024,366204,M316968866,379570,780371,0,0
229,DEBIT,190295,C746412689,191375,208574,C989006374,787560,639157,0,0
637,TRANSFER,163104,C128492780,301041,257506,C678293640,271479,95698,1,0
571,CASH_OUT,236638,C702632297,142487,348962,C391126537,679648,484100,1,0
226,CASH_OUT,112433,C313500298,227966,310001,C703462253,488288,100353,0,0
119,CASH_OUT,273220,C868820204,285913,443855,C847508242,622994,98812,1,1
256,PAYMENT,12062,C797808098,346773,72746,M391651334,186807,122603,0,0
401,DEBIT,104528,C853041955,319522,298875,C247395716,255027,505241,0,0
521,PAYMENT,211528,C685126461,62784,181502,M217281149,236109,434448,0,0
665,DEBIT,248041,C550455977,463144,406669,C761078179,278606,696713,0,0
605,CASH_OUT,88841,C336696312,237403,324215,C895525625,450479,457357,0,0
389,CASH_OUT,227428,C582334538,281120,274073,C730104453,426855,745866,1,1
688,DEBIT,186378,C732719211,167807,179504,C356927167,54486,713708,0,0
277,PAYMENT,94937,C398704996,377721,83030,M360337343,405155,398300,0,0
205,TRANSFER,125949,C969119330,334716,326212,C154508960,177561,500229,0,0
353,CASH_OUT,71456,C106977991,301129,93034,C819228743,4642,404168,0,0
49,DEBIT,107425,C914763202,288102,199756,C670201461,360777,29533,0,1
33,TRANSFER,230880,C965241839,101827,169737,C342313086,23946,526884,1,0
310,PAYMENT,227143,C271432881,331368,112406,M784987769,18909,90027,0,1
387,DEBIT,189173,C849621470,194672,448540,C350006353,355884,165024,0,0
81,CASH_OUT,138519,C553778756,391214,295119,C156361897,653009,261609,0,0
692,PAYMENT,145381,C465341213,6861,380210,M207586738,16738,374016,0,0
51,DEBIT,85158,C398362082,334523,251519,C543778963,759277,481604,1,0
326,PAYMENT,256239,C266944844,235068,473421,M454650074,409174,514938,0,0
693,CASH_OUT,276493,C331191390,404470,495047,C870257350,91860,441719,1,0
277,PAYMENT,259736,C919795579,106242,49294,M607239833,188362,251775,0,0
100,CASH_OUT,107624,C461415646,161100,451027,C207959268,212650,733838,0,0
393,PAYMENT,17039,C209747451,157779,454248,M831424323,679424,415915,0,1
192,TRANSFER,142000,C199585092,68122,444573,C927603754,656341,241630,0,0
613,PAYMENT,114110,C507943839,196701,436700,M247604106,346113,41516,0,0
662,TRANSFER,253578,C203848421,224757,44348,C105563528,551171,476697,1,0
220,PAYMENT,256027,C485451171,142012,292988,M690936560,182615,258006,0,0
435,TRANSFER,40602,C469319644,358234,226621,C269587940,630167,72468,0,0
646,PAYMENT,111123,C748245888,379635,219356,M536913550,44420,346261,0,0
218,CASH_OUT,13877,C384027113,52870,477959,C801038300,751419,713209,0,0
655,DEBIT,155061,C966647391,34012,36845,C610778600,750071,408852,0,0
138,PAYMENT,162123,C146654552,367510,152215,M612656440,152842,423556,0,0
260,CASH_OUT,254893,C883543540,309717,195868,C798510601,446710,684116,1,0
422,DEBIT,212589,C593303705,55989,187435,C314164216,279087,128993,0,0
565,DEBIT,157650,C675770529,362709,130613,C911653317,232275,675907,0,0
39,PAYMENT,186684,C234031070,296221,55063,M408427014,247439,677510,0,0
386,TRANSFER,284336,C506448196,177216,324004,C444851196,436056,373167,1,0
131,PAYMENT,178396,C184611066,425840,165043,M406462391,213328,548482,0,0
14,DEBIT,25564,C692749116,67300,116481,C793527609,209485,118576,0,0
418,TRANSFER,184154,C414797776,50762,257419,C163525343,177398,629769,0,0
342,CASH_OUT,101544,C990566476,71688,245352,C925412179,435485,233597,0,0
580,CASH_OUT,21684,C774996843,317798,308152,C196057712,514771,610725,0,0
675,DEBIT,199588,C764130526,445420,317392,C800400428,153405,732068,0,0
96,CASH_OUT,128774,C488302652,376053,125813,C716470999,51048,493657,0,0
72,TRANSFER,254917,C719927151,406529,414287,C349344539,239317,135047,1,0
625,CASH_OUT,199221,C306468299,140073,172624,C674615376,203811,271898,1,0
327,DEBIT,29186,C856528252,233731,278491,C893158610,204830,199307,0,0
151,TRANSFER,208130,C174684276,188057,257249,C876441691,544043,771393,1,1
419,PAYMENT,47211,C149203558,300176,377392,M140048684,427530,26296,0,0
119,CASH_OUT,19727,C810026086,60107,481995,C287974375,746988,511769,0,0
690,TRANSFER,89843,C344703907,85693,86569,C548700579,794944,307311,0,0
472,CASH_OUT,144507,C930075810,102537,186005,C999371401,456339,71519,0,0
483,PAYMENT,29030,C410727955,495336,397057,M288751681,467786,321117,0,0
488,DEBIT,170634,C185675980,264012,113922,C139019611,188961,376684,0,0
504,CASH_OUT,177270,C349957310,396991,26819,C997866344,420129,131310,1,0
298,DEBIT,104020,C208449460,367793,309181,C526269674,722670,681669,0,0
195,TRANSFER,256912,C508157429,411811,407409,C946066287,493973,521410,1,0
268,TRANSFER,218647,C398471886,250699,436462,C631914410,415718,706209,1,0
622,TRANSFER,266076,C586845604,840,45667,C300050585,426925,311890,0,0
160,TRANSFER,24142,C782560971,118724,482552,C904236062,158795,74236,0,1
407,CASH_OUT,45990,C995619255,109920,335483,C410812797,507723,376526,0,1
498,PAYMENT,111057,C491735568,468224,383476,M140229006,464674,799800,0,0
522,TRANSFER,293232,C274648506,142513,162187,C109950544,2175,793516,1,0
476,DEBIT,168851,C497478786,45647,485301,C420396197,622992,762638,0,0
192,TRANSFER,257550,C481469012,481153,18325,C709844411,731420,523518,1,0
41,DEBIT,83087,C324956459,69672,393471,C747233283,620417,141123,0,0
87,CASH_OUT,171269,C819595113,256587,391301,C215213239,603826,795707,1,0
629,DEBIT,110876,C386665249,208271,445544,C459748735,735901,681501,0,0
390,PAYMENT,4237,C853573823,314281,33298,M405545745,732119,732228,0,0
604,DEBIT,187564,C833953718,480916,159465,C587853601,364593,663726,0,0
685,DEBIT,43922,C795822698,245191,262672,C788603957,467572,688874,0,0
390,DEBIT,50608,C176667861,410334,370755,C683364453,581166,68382,0,0
649,PAYMENT,248144,C754049436,261498,199330,M662982736,615032,38130,0,0
225,PAYMENT,277583,C781802744,394813,289596,M630334421,107154,553616,0,1
548,CASH_OUT,94555,C283758720,104733,68602,C244096091,653642,417579,0,0
21,CASH_OUT,93426,C673528321,58008,307371,C641394238,365212,316096,0,0
547,CASH_OUT,229897,C882893941,383331,292104,C602533479,571312,278796,1,0
210,DEBIT,71795,C362863730,476006,137877,C392956587,682457,224310,0,0
364,PAYMENT,120754,C275452091,177443,30916,M307029662,26567,175725,0,0
231,DEBIT,171197,C596348124,124713,219601,C968457290,381059,475384,0,0
688,DEBIT,189203,C507437181,447079,189060,C220953538,312130,266404,0,0
518,CASH_OUT,210934,C389854268,287740,132915,C455069350,591672,285539,1,0
129,PAYMENT,291676,C787194506,71017,363634,M274476883,44989,318063,0,0
382,TRANSFER,106479,C838908273,390166,180076,C885033297,493496,423026,0,0
398,DEBIT,113755,C698020238,210015,251749,C592755658,109699,331834,0,0
501,PAYMENT,49152,C335809993,123313,388348,M796091085,778559,409336,0,0
338,PAYMENT,197445,C835098955,392561,159996,M376236056,302912,702640,0,0
670,PAYMENT,200698,C448195935,14260,294067,M871588919,659472,8109,1,0
302,CASH_OUT,283560,C924970419,10794,442602,C299929730,640102,659834,0,0
459,PAYMENT,232300,C933223566,432452,485314,M115122787,25741,395124,0,0
103,TRANSFER,252657,C160062915,74123,455071,C890937440,199888,756913,1,0
609,PAYMENT,41843,C345938494,241482,12150,M461971444,37170,608084,0,0
287,CASH_OUT,210909,C982403818,193435,333838,C949080318,6457,366991,1,0
427,PAYMENT,276701,C134467368,484540,265237,M416779880,296508,1223,0,0
281,DEBIT,262612,C964411347,114930,67309,C709650444,117928,447651,0,0
154,DEBIT,92272,C438715135,155915,21300,C824132709,234152,591058,0,0
103,TRANSFER,190033,C530747414,246592,427499,C913126162,111186,356423,1,0
537,CASH_OUT,58660,C387484583,188992,349525,C307405357,640083,167659,0,0
120,CASH_OUT,263545,C171069472,255539,135004,C288436227,42597,5397,1,0
442,DEBIT,108067,C326541099,400022,433966,C756007396,748118,702088,0,0
76,CASH_OUT,244272,C709004943,157620,320067,C785826598,9765,351477,1,0
111,TRANSFER,265125,C870854579,302621,276850,C535391971,275333,106948,1,0
481,DEBIT,190385,C437882805,206329,290157,C987973565,597013,196354,0,0
392,PAYMENT,105319,C328306011,150641,439844,M559242868,271142,485940,0,0
594,TRANSFER,285007,C803771909,465944,126372,C653278397,765709,539486,1,0
688,PAYMENT,139025,C636045484,159254,171231,M452108572,69806,324078,0,0
418,DEBIT,236870,C524806516,79803,251366,C193133974,48786,611795,0,1
404,TRANSFER,119010,C790256940,453400,178772,C530391423,697143,76945,0,0
435,TRANSFER,277933,C592688426,260078,287249,C818608005,783103,391212,1,0
447,PAYMENT,111562,C253407200,37276,306172,M202418976,351992,14990,0,0
613,CASH_OUT,219807,C384412919,465213,446771,C298407302,713161,31139,1,0
22,TRANSFER,115240,C249926919,328393,400145,C250980852,275536,664805,1,0
23,DEBIT,119601,C364814270,258901,190766,C612662437,299260,766334,0,0
455,DEBIT,20204,C899925830,113135,393476,C447464644,345632,687619,0,0
461,TRANSFER,46631,C702764446,330828,270877,C366338529,408873,369302,0,0
599,CASH_OUT,25379,C678722458,190932,420641,C107333788,551507,97069,0,0
552,TRANSFER,180424,C382116655,439923,451812,C380016058,599787,782031,1,0
86,DEBIT,394,C902099969,466961,40647,C511859868,149515,634958,0,0
666,TRANSFER,254365,C727694430,494408,153560,C352889019,683615,601082,1,0
453,DEBIT,53787,C560027313,109101,165229,C579678614,539618,398216,0,0
342,CASH_OUT,155742,C726563708,285815,49086,C909340042,666351,215616,1,0
629,CASH_OUT,77361,C528853029,50613,54333,C386682971,744875,12873,0,0
133,CASH_OUT,160285,C488690725,465978,499407,C453932473,340327,302944,1,0
120,TRANSFER,1981,C335493870,226118,281620,C424211872,582523,489676,0,0
623,PAYMENT,273426,C248532577,205591,234295,M725412469,663162,59790,0,0
442,CASH_OUT,35857,C647099690,489572,208196,C876189202,396900,452385,0,0
320,PAYMENT,60530,C629908599,118104,31655,M715122372,179480,299837,0,0
172,CASH_OUT,169276,C197613238,408124,248399,C112279027,120355,623539,1,0
288,DEBIT,54560,C911514914,407110,2881,C380840558,603685,538569,0,0
687,CASH_OUT,178546,C150590821,259252,177125,C801887172,307558,278577,1,0
472,DEBIT,187050,C217734861,353383,116361,C486066116,560815,759893,0,0
161,DEBIT,271434,C264112119,448402,281140,C843854609,283728,492133,0,1
381,PAYMENT,283916,C773715057,221454,466832,M353727962,363309,76620,0,0
423,CASH_OUT,35839,C271779360,38712,456985,C166705490,44109,769814,0,1
425,TRANSFER,285065,C950488739,404189,275875,C817029885,515329,292753,1,0
630,TRANSFER,51112,C830661141,143573,195457,C226942964,391731,396076,0,0
415,DEBIT,163152,C553290810,179412,16978,C599714064,519637,523764,0,0
469,PAYMENT,186906,C740389325,416443,304379,M429430802,128824,444258,0,0
318,PAYMENT,80791,C168212356,62894,457181,M271494637,25801,778504,0,0
288,CASH_OUT,294607,C513140753,159815,80722,C535312769,692727,281027,1,0
390,TRANSFER,243867,C509760584,234975,461638,C836665942,568694,671142,1,0
188,DEBIT,247641,C739830322,309799,261278,C639577241,625122,188327,0,0
608,TRANSFER,280295,C602564736,174166,136559,C855438611,406781,372908,1,0
62,TRANSFER,237430,C668132202,325899,243234,C926610534,674945,289169,1,0
537,CASH_OUT,252458,C369953851,109388,35183,C433910025,525608,225743,1,0
205,PAYMENT,99625,C694021782,449341,392159,M841193655,264052,514782,0,0
170,DEBIT,226405,C112327652,205704,164714,C226074193,656442,296066,0,0
447,DEBIT,225513,C830448745,147214,233853,C785811060,40491,612924,0,0
664,TRANSFER,3535,C873869166,345395,370729,C416794215,516328,117713,0,0
85,TRANSFER,35625,C222998994,22369,331278,C494647257,685352,372384,0,1
594,TRANSFER,5677,C831980933,439948,395215,C759949050,477982,474092,0,0
207,DEBIT,223132,C676567501,313047,102261,C337135066,617997,797163,0,0
397,PAYMENT,235807,C906248900,279078,345252,M335287540,672709,283142,0,0
553,DEBIT,212469,C386501362,275236,49396,C243418388,101069,271767,0,0
100,TRANSFER,240111,C925276600,127602,401461,C613443905,787071,415596,1,0
602,PAYMENT,40743,C788227492,26797,370522,M264481748,203206,619675,0,0
381,TRANSFER,156788,C465260635,117907,146691,C588529624,97289,745870,1,0
109,CASH_OUT,257858,C219778234,354182,275731,C902874167,402961,713895,1,0
503,DEBIT,256774,C415143362,479145,284732,C750407244,417740,673019,0,0
234,DEBIT,246617,C566825638,266278,100854,C501176618,38575,145250,0,0
510,TRANSFER,281473,C269820594,99270,354451,C546510829,50126,614998,0,0
56,TRANSFER,258328,C587182120,454623,191889,C853703117,138886,5833,1,0
389,PAYMENT,203775,C103484630,380485,294153,M689736058,651176,369648,0,0
584,DEBIT,256781,C875340444,156089,465787,C605547798,165369,481522,0,0
118,CASH_OUT,268714,C872751234,453372,498370,C913198930,696248,386377,1,0
196,CASH_OUT,51006,C382811832,238922,399029,C677155220,493614,711921,0,0
585,TRANSFER,5595,C637500247,483157,94655,C961135562,337540,762436,0,0
690,DEBIT,23482,C918150683,141488,475958,C813065972,319733,698512,0,0
157,PAYMENT,242987,C291825997,364069,118368,M986485022,39369,131016,0,0
20,CASH_OUT,262697,C645119047,476186,192416,C334517688,345529,665228,1,0
408,CASH_OUT,103406,C214257751,184484,290834,C918040539,156547,409062,0,0
607,DEBIT,197036,C771410971,282121,2526,C365713980,386230,408883,0,0
526,PAYMENT,137146,C420452650,13444,260577,M830511568,585009,2589,0,0
254,DEBIT,237381,C786066793,69893,38725,C910395417,658561,327572,0,0
119,PAYMENT,143524,C645098869,14963,22072,M739750911,443888,239139,0,0
143,TRANSFER,200103,C753876785,363114,167644,C945432844,377972,282926,1,0
684,PAYMENT,246467,C313579170,240491,112105,M187907572,385398,300279,0,0
543,DEBIT,134022,C264109919,99596,359493,C664258474,97375,21637,1,0
345,CASH_OUT,114261,C501486939,232061,92510,C579691987,172349,389336,0,0
538,CASH_OUT,73691,C918739736,21686,175231,C667121569,641067,204706,0,0
561,TRANSFER,9572,C273461957,53811,139344,C855663125,521315,185431,0,1
517,DEBIT,188774,C679153816,60848,361317,C488463544,153043,140880,0,0
223,CASH_OUT,97007,C936043811,327438,14633,C183862154,39015,9907,0,0
149,PAYMENT,169998,C669462919,123168,115064,M705771555,320961,516941,0,0
531,PAYMENT,36504,C100614068,335076,261161,M220483278,59314,697105,0,0
88,PAYMENT,280890,C743111853,397518,440258,M166312199,417896,700527,1,0
17,PAYMENT,138109,C448059918,404377,201264,M989889367,663662,779572,0,0
254,TRANSFER,174850,C624636385,291813,108352,C688033900,62651,112666,1,0
61,PAYMENT,21750,C120912992,75271,191082,M642762599,255745,343401,0,0
296,DEBIT,63001,C220117054,374048,169564,C317064188,274025,307633,0,0
59,PAYMENT,6611,C489747629,410343,74191,M714933740,394969,63867,0,0
657,DEBIT,114085,C992994062,91141,136169,C676234459,613484,550197,0,0
562,CASH_OUT,258172,C966267851,313392,319644,C260902774,451800,721673,1,0
500,DEBIT,275207,C430190783,232695,421396,C276670424,112293,711507,0,0
17,DEBIT,48739,C357109965,422013,90045,C452313624,754189,690080,0,0
258,DEBIT,181889,C162196678,394970,287858,C658712474,17903,173167,0,0
43,CASH_OUT,79923,C358633898,184544,16116,C574422684,534535,34111,0,0
286,TRANSFER,167658,C709194872,203180,57748,C224811770,102281,255628,1,0
141,CASH_OUT,179086,C184564737,25651,385210,C830461452,265591,8177,0,0
612,DEBIT,57923,C191969690,209272,420958,C320548167,132152,371603,0,0
655,CASH_OUT,276963,C885879795,180449,331650,C869784803,44397,255217,1,0
419,PAYMENT,97482,C621828280,317545,181142,M726150048,362803,607612,0,0
231,CASH_OUT,264960,C976198296,389962,94626,C624875038,141295,156405,1,0
157,TRANSFER,121788,C174316370,192154,203161,C197647841,642032,491127,0,1
585,DEBIT,257931,C916690353,498953,370512,C648011361,341324,248792,0,0
526,PAYMENT,212666,C671988889,388388,147278,M578333394,209870,107255,0,0
14,TRANSFER,297274,C922308461,14439,335695,C968326513,594331,364777,0,0
2,TRANSFER,139479,C235034324,159826,223232,C159738492,744917,344891,0,0
252,TRANSFER,95890,C237859287,392515,345173,C586869229,45177,421584,0,0
15,CASH_OUT,22604,C808402051,273438,39759,C241674152,247795,632565,0,0
634,TRANSFER,208534,C610330567,79468,79164,C651095672,333857,557068,0,0
90,DEBIT,148890,C690347116,215572,239947,C546058739,213766,302295,0,0
281,CASH_OUT,240370,C277303722,295761,51458,C590483627,87897,420822,1,0
631,PAYMENT,215479,C384602384,225121,94515,M705495031,601516,258989,0,0
351,TRANSFER,118723,C666585408,40136,449450,C161994392,577545,17580,0,0
249,DEBIT,5830,C751325257,38409,95028,C700003920,123225,277633,0,0
324,PAYMENT,36813,C554340903,304465,447154,M596474925,311999,757861,0,0
204,CASH_OUT,174079,C327416584,85820,368921,C822378827,597359,33282,0,0
541,PAYMENT,109530,C679064766,335863,124338,M966418765,455561,592947,0,0
86,CASH_OUT,152325,C910959828,7233,420531,C430894547,248029,790388,1,0
458,PAYMENT,38971,C883757514,87566,480579,M876616079,8539,694252,0,1
577,CASH_OUT,103633,C840739735,479969,197170,C123375849,697785,295845,0,0
34,DEBIT,242534,C315984311,18320,338608,C525146690,531536,375233,0,0
66,CASH_OUT,299390,C865523129,434895,312141,C373221357,496027,510926,1,0
51,TRANSFER,278618,C434702822,400007,2419,C976659977,28004,675531,1,0
98,DEBIT,242680,C528414718,466441,113693,C103237836,271261,50528,1,0
318,DEBIT,136485,C821218382,330515,136427,C900801470,201495,463445,0,0
420,TRANSFER,126619,C797801251,212826,378611,C333969748,581612,91104,0,0
270,DEBIT,290495,C500957212,293362,299225,C720956992,383829,478704,0,0
486,PAYMENT,222589,C570406376,128554,191799,M178414859,500204,274732,0,0
681,CASH_OUT,145062,C655742829,321516,38057,C148629555,734543,283392,0,0
641,CASH_OUT,197566,C584779555,37905,161508,C554941605,91426,178331,0,0
202,TRANSFER,178835,C229927269,142617,395459,C469935052,236576,569326,1,0
539,CASH_OUT,161938,C366186631,20946,73277,C852032540,371906,638960,0,0
31,DEBIT,225856,C341266931,34381,446983,C168461684,400404,525587,0,0
686,TRANSFER,202223,C168747287,139011,345600,C681069884,738650,449535,1,0
225,CASH_OUT,111462,C463016614,369997,225407,C164698991,75028,375581,0,0
324,PAYMENT,41605,C122585366,9491,224582,M174108740,494308,40262,0,0
657,CASH_OUT,35415,C731691672,35282,205599,C606882594,236028,27371,0,0
648,PAYMENT,128506,C694768704,12419,436374,M134075063,155739,384521,0,0
421,DEBIT,57776,C347083812,267751,36051,C408261300,519518,751679,0,0
426,TRANSFER,205828,C731832764,429643,71942,C539017530,517196,410761,1,0
243,TRANSFER,3871,C336456621,434034,302292,C293253475,537909,343810,0,0
675,TRANSFER,246475,C107721109,134484,208502,C925677464,721167,573392,1,0
589,DEBIT,28581,C176228245,169809,277169,C245415636,797177,9012,0,0
283,TRANSFER,113858,C860038427,278235,331356,C922301213,680047,358315,0,0
336,TRANSFER,81210,C777641645,233746,87687,C788832222,456082,201107,0,0
596,PAYMENT,105673,C163215224,363689,481056,M883068639,140926,416749,0,0
202,PAYMENT,140302,C345824373,363592,442626,M793509240,797115,659006,1,0
117,PAYMENT,238109,C172370545,229192,345182,M551360199,605266,742003,0,0
660,CASH_OUT,130566,C133729406,69109,308355,C502074351,297560,706475,0,0
25,TRANSFER,130844,C454794895,295156,180786,C510684364,263369,654373,0,0
90,TRANSFER,226477,C176082500,9569,455987,C581613078,641774,540436,0,0
231,PAYMENT,179101,C652070932,370579,177132,M505333621,718580,293812,0,0
667,CASH_OUT,299950,C355555531,370298,93254,C503346325,770227,707609,1,0
606,PAYMENT,263849,C399012686,296773,411514,M186167773,508889,578679,0,0
16,CASH_OUT,257524,C818309417,305163,367424,C833076128,653059,531296,1,0
666,DEBIT,3829,C621209849,79360,240515,C810594320,544950,75842,0,0
526,DEBIT,248080,C330035022,215838,340760,C679069250,716764,262025,0,0
276,DEBIT,278111,C678998028,378994,333304,C242796714,684736,177182,0,0
561,CASH_OUT,124691,C242068763,181902,369605,C801726890,489562,196339,0,0
377,DEBIT,63179,C876693898,317803,76054,C473415078,254259,373722,0,1
641,PAYMENT,86903,C713152854,351910,269188,M227381397,665344,422058,0,0
376,DEBIT,89624,C718702544,236668,311070,C291634595,213165,591676,0,0
681,DEBIT,283566,C607526654,415158,468942,C676876906,36368,406914,0,0
131,PAYMENT,268237,C360916298,66770,269051,M522043490,290449,270445,0,0
183,DEBIT,170951,C942478695,362355,149177,C667840357,786408,550808,0,0
455,PAYMENT,165867,C607850824,103107,259125,M236737888,230755,292490,0,0
129,PAYMENT,227567,C967043303,359267,437948,M881531720,91544,83866,0,0
233,TRANSFER,63348,C537077308,495062,66202,C339111798,40751,237644,0,0
95,TRANSFER,223760,C304451095,204580,365244,C996382881,481018,218008,1,0
481,CASH_OUT,205703,C201281557,404062,281892,C103729417,701893,30844,1,0
413,PAYMENT,193809,C204078666,7399,79062,M911941471,730002,291040,0,0
5,DEBIT,34252,C807577342,269209,324787,C124411864,578706,579779,0,0
237,PAYMENT,7552,C562837684,499471,108730,M420364823,495187,690538,0,0
670,TRANSFER,213386,C480424119,79071,186351,C597146648,785034,27949,0,0
162,PAYMENT,268142,C554814084,48113,144867,M823164961,711601,694598,0,0
147,CASH_OUT,147625,C541417711,62222,426802,C872121274,104997,764302,0,0
696,DEBIT,15485,C601463916,181056,360591,C684593732,253928,364413,1,0
476,PAYMENT,80920,C882839238,297915,350500,M555404004,772793,487252,0,0
324,PAYMENT,293559,C158165865,320787,274383,M671159367,36972,508604,0,0
394,PAYMENT,225668,C823019672,280407,334446,M507245006,429201,688280,0,0
356,CASH_OUT,241632,C801642483,148,278076,C984076542,793802,645323,0,0
17,PAYMENT,131863,C793830224,412984,204541,M346599912,410372,149388,1,0
99,DEBIT,145033,C205675387,75791,196681,C365764028,362009,104162,1,0
171,TRANSFER,215441,C165082363,394911,165746,C594592624,570569,357168,1,0
402,PAYMENT,72047,C532311310,448499,59567,M471686188,106968,543708,0,0
244,CASH_OUT,266385,C881913386,312188,47003,C266560311,363284,150424,1,0
289,CASH_OUT,113883,C464323393,449170,19659,C395976645,412699,266933,0,0
259,CASH_OUT,28577,C959629660,489028,443071,C302379343,455899,629425,0,0
76,CASH_OUT,53075,C217326729,60561,278846,C878488534,231897,630175,0,0
550,TRANSFER,87336,C366992705,391776,172507,C921938559,399158,509742,0,0
246,CASH_OUT,249936,C305718272,241424,74442,C221166014,687055,693278,1,0
482,PAYMENT,142790,C304235259,259405,359429,M134593072,485320,541828,0,0
87,DEBIT,249300,C675832441,330331,428577,C969170578,240310,448431,0,0
41,DEBIT,153367,C581695135,396848,68232,C808881871,485820,618530,0,0
167,CASH_OUT,104701,C250519597,143572,293601,C550156166,609003,739578,0,0
51,TRANSFER,26605,C552991960,188467,462748,C760268760,331012,71895,0,0
208,DEBIT,82564,C297018781,369676,492281,C922543647,192543,509325,0,0
84,CASH_OUT,78112,C399085574,307942,434227,C116799547,674053,198675,0,0
489,TRANSFER,147680,C596743109,421153,201762,C358413465,578032,229489,0,0
320,DEBIT,260810,C368227631,310768,95967,C321278458,298951,651336,0,0
60,DEBIT,104747,C180943908,427557,450708,C172253060,134405,572569,0,0
447,DEBIT,267391,C575808013,238544,470032,C208337018,239628,312093,0,0
166,PAYMENT,255216,C967607278,210536,354824,M737742679,376394,219589,0,0
285,PAYMENT,176384,C690907304,457420,181417,M136052248,110401,165201,0,0
620,PAYMENT,36260,C205128697,465715,273129,M579362443,136080,127878,0,0
418,CASH_OUT,159479,C154318806,478009,486772,C741866641,793387,245741,1,0
137,PAYMENT,105172,C800235246,219516,278504,M821579885,77701,173441,0,0
220,CASH_OUT,185884,C680451872,385921,47046,C855147872,80636,128658,1,0
422,DEBIT,177374,C997677788,231615,358635,C152265802,566136,276925,0,0
489,DEBIT,54775,C115846122,432750,76394,C362781292,46629,534396,1,0
494,DEBIT,231907,C200140141,368455,442900,C895149930,773131,163479,0,0
311,TRANSFER,209855,C909134796,51977,105153,C147498828,746648,362812,0,0
278,CASH_OUT,282852,C353810544,230144,312434,C531929128,297203,438292,1,0
253,CASH_OUT,154337,C278575192,384903,247181,C571332733,517649,591297,1,0
313,CASH_OUT,62387,C536383774,455755,221490,C351619881,453035,681266,0,0
536,CASH_OUT,110200,C621453189,164342,309815,C679562681,668860,696217,0,0
565,PAYMENT,212590,C616854671,36069,287120,M333291033,635167,139741,0,0
689,PAYMENT,29809,C329509408,263389,277845,M910015485,393650,471820,0,0
182,DEBIT,92215,C530613729,123182,341466,C933291969,293076,18225,0,0
496,PAYMENT,151999,C162959284,107584,404060,M160606325,124697,675815,0,0
535,DEBIT,139818,C276777762,373595,386060,C250469429,285840,249240,0,0
106,PAYMENT,43269,C506919288,241540,411034,M641054044,42192,344776,0,0
627,CASH_OUT,11616,C102314313,466962,366823,C410594268,157234,502376,0,0
288,TRANSFER,299631,C519212169,67507,101131,C351429015,716537,378044,0,0
28,DEBIT,78772,C384759615,53413,59980,C975943821,605685,469509,0,0
336,CASH_OUT,5766,C941889393,92416,40308,C885460919,341180,348109,0,0
582,CASH_OUT,223557,C943026227,33205,50304,C718593766,506705,716464,0,1
659,PAYMENT,278672,C588561518,270013,378191,M442420233,178475,396742,0,0
70,PAYMENT,215757,C406284028,283748,173620,M720058859,617345,728309,0,0
78,TRANSFER,132547,C554200826,159413,393807,C742009209,286608,340907,0,0
558,DEBIT,64440,C847959430,498665,367767,C929506584,39244,632312,0,0
81,PAYMENT,57296,C884374109,146776,108654,M822125631,11755,694497,0,0
476,PAYMENT,141791,C941128035,58481,128344,M978731508,233553,599176,0,0
164,CASH_OUT,79669,C696751693,319055,112099,C444311548,106998,398933,0,0
556,PAYMENT,122166,C810678904,422534,76215,M354373770,266441,155205,1,0
502,TRANSFER,267850,C871385010,95872,143084,C424017094,395158,578256,0,0
446,CASH_OUT,270775,C622559454,116074,46638,C253824712,613311,21536,1,0
520,DEBIT,123346,C266211829,474081,214275,C808897689,516456,19283,0,1
335,CASH_OUT,217464,C303901283,199824,374148,C659689063,431172,611477,1,0
12,PAYMENT,91329,C418587604,198017,129851,M337342839,626692,215547,0,0
276,PAYMENT,168833,C333754555,23341,129394,M544056890,187232,428106,0,0
172,CASH_OUT,288883,C162795957,77442,62157,C422660441,312802,60021,0,0
488,DEBIT,245029,C721890096,179949,238680,C395444277,493085,219643,0,0
42,CASH_OUT,88522,C889991777,181303,70382,C165452764,512193,572703,0,0
264,CASH_OUT,184481,C682177668,432986,31912,C697771523,328396,316859,1,0
356,CASH_OUT,297538,C165452690,303564,110507,C735297732,1082,138470,1,0
477,CASH_OUT,226917,C903132646,353388,74489,C889427990,451090,599255,1,0
59,CASH_OUT,86036,C436730606,261550,21446,C288047830,302069,313260,0,0
500,TRANSFER,19882,C161380746,373045,399273,C772155012,449303,497821,0,0
328,CASH_OUT,89144,C153839920,69409,196322,C828802398,395991,213273,0,0
92,DEBIT,172602,C727255918,304516,466382,C558703133,594140,433671,0,0
17,CASH_OUT,273465,C611947770,330328,373083,C696840109,673832,498577,1,0
47,CASH_OUT,170305,C639931481,396474,309150,C632168774,539180,156308,1,0
453,DEBIT,258935,C670292350,434107,414472,C150341410,594608,87846,0,1
662,TRANSFER,299588,C269042105,203990,319767,C469812603,486160,167806,1,0
663,CASH_OUT,241171,C161073976,84667,51369,C790755362,715079,482333,0,0
438,CASH_OUT,221568,C645276696,50255,370127,C820848547,477799,173074,0,0
173,CASH_OUT,258178,C186019028,109935,399871,C509261668,401099,287207,1,0
9,DEBIT,187135,C299528037,151756,299967,C943751263,519897,218023,0,0
664,TRANSFER,84618,C173574218,298113,108199,C663137920,444093,362301,0,0
301,PAYMENT,132118,C738914080,332246,433220,M442238518,458034,287871,0,0
55,PAYMENT,201339,C172972420,75542,272459,M847655456,206873,680213,0,0
663,TRANSFER,198308,C825003955,364716,350857,C547025173,627824,138621,1,0
416,PAYMENT,299440,C352548261,111573,133021,M538364955,83984,680934,0,0
590,TRANSFER,113321,C533550699,302138,40934,C260221190,666205,80664,0,0
226,PAYMENT,23104,C228727266,63295,271609,M422002819,595350,693150,0,1
60,DEBIT,295235,C711684318,173790,56,C504221050,637871,223023,0,1
17,DEBIT,158861,C364371717,293219,326830,C297438548,443884,60285,0,0
235,DEBIT,205500,C721609600,439717,123425,C910048118,786351,269629,0,0
25,PAYMENT,143426,C738360085,405257,225692,M677596076,736091,218126,0,0
550,TRANSFER,255833,C142672287,85192,310279,C608436962,738497,738705,0,0
89,DEBIT,87232,C765055833,42464,408117,C358737619,62969,89831,0,0
233,CASH_OUT,100585,C188029013,94924,469234,C341961866,148430,334267,0,0
673,PAYMENT,288580,C550139320,308979,325370,M422913264,511315,517933,0,0
524,TRANSFER,31725,C805849060,72914,432959,C859754807,367304,516030,0,0
547,PAYMENT,79988,C726713347,31368,118065,M254996504,519757,94449,0,0
314,TRANSFER,276835,C706907788,427195,405785,C965195567,693210,317477,1,0
7,CASH_OUT,41239,C661333669,28343,433947,C597169479,760943,795265,0,0
462,CASH_OUT,75604,C439699535,250768,313612,C161873231,19589,381136,0,0
573,CASH_OUT,194817,C379995032,201587,61009,C703857319,37690,246797,1,0
645,CASH_OUT,186543,C319321646,66354,192879,C543109075,522247,682031,0,0
55,TRANSFER,286387,C819112790,155260,245702,C547221915,266651,505931,1,0
33,PAYMENT,54733,C869005091,245074,386618,M698382096,96453,167596,0,0
277,CASH_OUT,35833,C437352358,42438,192608,C669074377,414725,148317,0,0
437,TRANSFER,58039,C356287095,436522,219437,C243980993,158116,505275,0,0
660,TRANSFER,246084,C385201412,252773,252411,C517061783,518985,226406,1,0
626,CASH_OUT,14489,C524971817,431125,436156,C360767346,483663,678100,0,0
102,CASH_OUT,201628,C240529481,287336,456120,C373799489,261538,520146,1,0
526,CASH_OUT,58086,C821221887,324319,365568,C318331154,201750,596323,0,0
33,TRANSFER,61702,C793101194,232284,96382,C454617185,702609,99074,0,0
360,CASH_OUT,142326,C422119408,423913,382465,C794395127,633654,662953,0,1
636,DEBIT,87692,C590941149,345941,173717,C184901228,490339,555462,0,0
123,DEBIT,21538,C439492674,233983,449410,C582954920,239691,86491,0,0
419,DEBIT,168101,C907308348,364464,326380,C498441427,691204,780839,0,0
548,CASH_OUT,150156,C177892576,253579,223098,C199282456,331145,663777,1,0
127,PAYMENT,62799,C110002396,74804,401896,M675134276,567456,416432,0,0
335,DEBIT,102266,C592080329,430779,308710,C878016905,296784,640245,0,0
40,PAYMENT,23383,C766964667,156777,352559,M990568217,393238,259111,0,0
405,PAYMENT,21142,C704509817,45771,213408,M304528085,55904,779470,0,0
76,CASH_OUT,281297,C207354053,316759,118319,C155337035,387554,129327,1,0
265,DEBIT,154326,C178663096,470440,256216,C388258432,432509,515728,0,0
268,TRANSFER,152127,C677280546,398968,141280,C504981031,507409,790787,1,0
226,PAYMENT,112360,C328872698,320991,187973,M823349713,533104,259073,0,0
125,PAYMENT,46350,C643189555,356691,450988,M749580994,776522,87995,0,0
620,TRANSFER,283874,C384756779,412549,272672,C747382621,703829,755036,1,0
609,DEBIT,145026,C242224154,477432,319118,C142463863,67573,339403,0,0
506,TRANSFER,198863,C474745382,175885,128259,C178151583,403169,392949,1,0
151,CASH_OUT,121784,C173864104,79944,105935,C302038796,360013,538359,0,0
646,DEBIT,171716,C362298393,273306,399022,C963987020,33064,778628,0,0
119,TRANSFER,29761,C496776692,121292,221666,C917865301,134974,3625,0,0
642,DEBIT,227784,C406002884,202199,107761,C730913181,741187,107960,0,0
173,DEBIT,109856,C269379374,54437,341974,C877716824,188869,341768,0,0
96,DEBIT,236404,C570497096,483563,175793,C820964511,220421,32646,0,0
695,PAYMENT,122126,C995226828,258430,164982,M700061135,36719,505027,0,0
614,TRANSFER,194542,C683275843,450491,464911,C333019716,70047,670740,1,0
635,PAYMENT,256406,C855420240,145720,132698,M614745610,280831,639584,0,0
675,TRANSFER,286642,C424825305,36948,481894,C324292944,212584,288334,0,0
682,DEBIT,31931,C756783995,151152,147733,C457517705,695494,376330,0,0
619,CASH_OUT,33040,C966616964,344620,488241,C425545658,167198,794599,0,0
588,TRANSFER,45907,C802201721,123014,159245,C116464447,548291,692803,0,0
253,PAYMENT,151738,C667945747,348058,229820,M327426863,617830,528118,0,0
661,TRANSFER,277849,C108399996,268356,164721,C304036387,763274,135673,1,0
424,TRANSFER,35110,C817112652,477020,160966,C896152940,47419,283076,0,0
261,CASH_OUT,117044,C977358886,499369,495926,C225967304,641204,761816,0,0
646,PAYMENT,117898,C695499669,391813,447166,M901955461,360532,335415,0,0
697,PAYMENT,11649,C421455482,179428,488206,M909956465,631866,165926,0,0
120,TRANSFER,28985,C812308209,210503,278101,C614237373,226577,478739,0,0
608,PAYMENT,265802,C211225158,264053,128501,M360482447,605069,437090,0,1
49,TRANSFER,273767,C244193987,316783,464952,C846923032,310625,182639,1,0
497,PAYMENT,251104,C383968123,224309,285385,M748971205,119783,495733,0,0
117,PAYMENT,221805,C223940587,359000,160389,M855665764,595316,768278,1,0
259,PAYMENT,135999,C214929002,269357,217859,M319594317,300388,641507,0,0
594,TRANSFER,169539,C897163846,376254,100808,C525880424,636364,253189,1,0
357,PAYMENT,191691,C694019365,113815,391342,M356979659,638093,725311,0,0
485,PAYMENT,268833,C266910922,421743,285356,M692790631,677043,618657,0,0
41,DEBIT,132759,C392431670,87421,19996,C445331485,26119,642150,0,0
641,TRANSFER,263236,C402533494,137521,324045,C932701695,202945,673439,1,0
635,CASH_OUT,192818,C749431082,436421,44134,C403932500,722300,312732,1,0
689,DEBIT,102928,C326161867,93190,405041,C508732434,509966,794515,0,0
350,TRANSFER,237712,C870530217,310109,355439,C600632621,539745,266902,1,0
473,DEBIT,154699,C468164906,358278,143190,C673002461,656578,116775,0,0
617,PAYMENT,172099,C318610946,313816,121682,M796559239,695585,603311,0,0
251,PAYMENT,29893,C838194420,161941,28810,M485752015,114587,730782,0,0
293,PAYMENT,177677,C781007818,222036,29782,M431165907,265721,41716,0,0
84,PAYMENT,16094,C383450553,259642,256160,M380849661,78930,254905,0,0
652,TRANSFER,108397,C642678844,348943,398471,C486165467,237230,11002,0,0
401,TRANSFER,151711,C624557080,1095,336564,C650632566,474406,728770,0,0
154,TRANSFER,99344,C369639388,216877,89342,C633947427,546169,525598,0,0
520,TRANSFER,106270,C154544899,420919,46539,C600368062,152215,476387,0,0
265,DEBIT,246093,C199104722,195964,39023,C205879779,290658,650643,0,0
285,PAYMENT,32734,C781057736,12120,376924,M962017778,240140,605559,0,0
228,CASH_OUT,256674,C554811020,115981,40318,C875685667,64,75276,1,0
329,CASH_OUT,140662,C990505735,100588,345546,C604111500,370565,502009,0,0
682,PAYMENT,149495,C397083132,424031,126417,M917792874,257653,636572,0,0
106,TRANSFER,65026,C147337803,412106,264509,C443847870,663227,613720,0,0
213,CASH_OUT,288742,C103807155,50298,114780,C318106480,465360,689182,0,0
129,CASH_OUT,78309,C458153605,455910,499920,C498041381,110572,706791,0,0
352,PAYMENT,192280,C927982963,312336,47842,M435997460,603148,203195,0,0
432,TRANSFER,17609,C240466536,68754,202259,C544454140,497125,277106,0,0
621,CASH_OUT,18274,C784095277,122431,36491,C149086585,725903,225571,0,0
564,CASH_OUT,161315,C381272327,383609,93697,C704006325,705191,402521,1,0
640,PAYMENT,241335,C273497327,9422,466973,M337591250,705614,767283,0,0
625,TRANSFER,28856,C895890631,225825,61596,C895913682,350386,574529,0,0
364,TRANSFER,205882,C574417266,295583,99143,C256683320,461531,621234,1,1
1,DEBIT,80408,C692362342,371087,205320,C117415986,542530,606348,0,0
437,DEBIT,223177,C857704655,176540,51818,C380004069,269537,734705,0,0
59,DEBIT,197386,C559225330,48458,401135,C694113766,274348,349529,1,0
474,PAYMENT,49040,C702269164,55612,296177,M727099478,420594,123252,0,0
525,CASH_OUT,232620,C110382761,321465,220375,C721849977,524333,410141,1,0
578,TRANSFER,220077,C220123666,312094,359221,C873106931,131605,545965,1,0
560,TRANSFER,144382,C180792472,164909,54078,C548371040,609836,604433,0,0
425,DEBIT,258580,C841976666,17152,166797,C416960306,163674,561182,0,0
223,CASH_OUT,199765,C260045822,491294,237159,C263650505,498185,102420,1,0
91,PAYMENT,261539,C685823118,11345,411249,M310659326,496184,196300,0,0
673,CASH_OUT,190371,C138684919,108073,183208,C454190155,400966,91954,1,0
554,DEBIT,149825,C996139578,433396,180926,C346980616,414745,473300,0,1
280,PAYMENT,59907,C496442646,150635,29550,M507849850,142857,99152,0,0
184,TRANSFER,256257,C725464884,282488,307003,C711806831,535755,191958,1,0
8,PAYMENT,263011,C693269304,187187,412955,M994816400,417799,364523,0,0
522,PAYMENT,74794,C259014493,269992,233229,M363850592,19416,37664,0,0
198,TRANSFER,221811,C561479973,366349,422122,C636120880,600902,475428,1,0
645,TRANSFER,114259,C236843584,156810,425658,C691247918,493844,527109,0,0
104,CASH_OUT,8061,C144913399,102658,206329,C802879944,204196,764797,0,0
411,PAYMENT,144871,C430989881,353799,76515,M835348453,575257,529604,0,0
186,PAYMENT,264137,C491541578,387902,278795,M462456889,479389,124716,0,0
575,PAYMENT,90041,C954829815,364550,395556,M376302498,726262,278137,0,0
346,PAYMENT,214404,C142836793,430505,475243,M919652226,266320,75656,0,0
188,DEBIT,107891,C484194737,73391,91205,C982177625,633969,237963,0,0
596,PAYMENT,287607,C325567963,403311,220782,M624652904,284931,454318,0,0
695,CASH_OUT,127351,C832363533,203299,150943,C876914430,266891,185046,0,0
274,TRANSFER,215805,C367930513,97919,50100,C789014168,184215,701475,0,0
285,CASH_OUT,191107,C816114302,422696,455244,C894133105,75911,112858,1,0
628,PAYMENT,156178,C210373808,215862,251831,M626772995,535505,266496,0,0
194,CASH_OUT,167616,C479759538,177476,247174,C594811370,546113,383433,1,0
317,TRANSFER,3417,C937643439,135797,43372,C280639501,298009,149360,0,0
312,CASH_OUT,83960,C701170349,123662,286885,C886808192,793294,430294,0,0
261,TRANSFER,131350,C536344399,51644,220868,C953598460,599223,283197,0,0
79,PAYMENT,56034,C766430218,80857,277845,M478146284,732320,724179,0,0
334,CASH_OUT,177354,C904745462,116062,282635,C281747678,603832,492436,1,0
190,DEBIT,177863,C265950383,305495,493937,C250279322,189099,170002,0,0
185,PAYMENT,250549,C354194771,119119,498648,M873430762,551151,254295,0,0
227,PAYMENT,297751,C274484941,42299,245289,M686849648,327985,16057,0,0
141,PAYMENT,204454,C958872154,271530,5695,M624325659,677578,618618,0,0
431,CASH_OUT,270195,C970559510,481930,424326,C297619784,546938,607478,1,0
11,CASH_OUT,108355,C290108532,272579,471426,C682115008,289604,791894,0,0
353,DEBIT,9605,C542697755,79720,133461,C789137659,6589,283805,0,0
633,CASH_OUT,69543,C126614158,492495,225784,C163063063,728993,774426,0,0
624,CASH_OUT,7365,C292587044,485369,188418,C662581035,479969,13448,0,0
107,PAYMENT,189926,C890880074,192828,284329,M136317983,203570,437991,0,0
610,CASH_OUT,230037,C456681425,22551,340716,C179811669,155964,559013,0,0
516,PAYMENT,140516,C940081098,132475,254204,M978316418,620218,44220,0,0
53,CASH_OUT,4111,C542073642,21605,364404,C817490982,552810,593669,0,1
316,DEBIT,12324,C961393416,257777,479351,C152091933,529827,347694,0,0
305,TRANSFER,208826,C819307302,455040,359806,C920702588,4329,775817,1,0
538,DEBIT,133348,C889262019,495416,359235,C106854580,463179,790689,0,0
117,DEBIT,274045,C970535450,231749,55773,C542802779,263254,248749,0,0
145,CASH_OUT,192247,C366467544,39710,455209,C247630403,66330,204583,0,0
664,CASH_OUT,286004,C386480450,108541,38379,C777210736,437538,459099,1,0
323,DEBIT,76010,C270937380,241605,250168,C348499712,544893,224731,0,0
572,DEBIT,193041,C945436943,366590,304161,C172980019,138997,797118,0,0
302,PAYMENT,4081,C852991721,299549,440661,M859317542,33521,528621,0,0
572,DEBIT,250172,C216066793,12818,43039,C262166848,476467,714090,0,0
28,DEBIT,140121,C510751046,233559,311839,C109815572,151744,650906,0,0
308,CASH_OUT,146215,C141580226,435008,85015,C334848459,130672,515904,1,0
35,PAYMENT,278204,C605399561,338074,321396,M643026584,666217,344318,0,0
99,PAYMENT,192637,C338836384,463645,435460,M589636644,469284,546565,0,0
53,TRANSFER,50699,C314289692,282751,141554,C500721199,617620,430838,0,0
693,DEBIT,136058,C976803188,347747,167605,C164907817,799543,694476,0,0
217,TRANSFER,258769,C594246837,286268,226301,C763395529,776653,688526,1,0
201,PAYMENT,246832,C475442872,497891,375999,M784755860,97204,711863,0,0
477,TRANSFER,3278,C427696198,410949,267885,C815922437,477032,489733,0,1
174,TRANSFER,161305,C981044229,271731,197865,C761982621,590127,778074,1,0
366,CASH_OUT,207000,C953995721,494735,370644,C618836510,545148,453416,1,0
287,PAYMENT,239746,C344378798,345695,398810,M807901168,121649,54808,0,0
326,PAYMENT,57936,C339362341,56888,412539,M623829662,27215,506906,0,0
28,TRANSFER,29420,C125409494,401293,166685,C116891857,409909,121315,0,0
656,CASH_OUT,171641,C808705238,416920,14588,C107099962,788212,330484,1,1
294,CASH_OUT,107769,C307371533,412332,230502,C671458801,366099,409362,0,0
227,PAYMENT,261678,C527849588,188210,445320,M692322761,259383,493213,1,0
540,TRANSFER,111461,C452468587,278637,354398,C541671360,364745,773393,0,0
677,PAYMENT,39986,C399147754,494209,327568,M112724887,369432,265593,0,0
416,TRANSFER,240067,C174539964,395813,78563,C117959560,368066,508853,1,0
10,TRANSFER,201383,C930353157,98408,115313,C668457864,392613,234537,0,1
122,TRANSFER,55905,C399708182,151791,322176,C875448533,482737,504700,0,0
260,TRANSFER,121311,C477040284,208106,117734,C395000621,710692,234855,0,0
165,TRANSFER,286710,C788785773,158785,421424,C675244407,303895,322452,1,0
342,DEBIT,285348,C646970178,427479,373921,C407829477,784717,474296,0,0
120,TRANSFER,267787,C529151399,487923,378492,C118406723,526683,44158,1,0
122,CASH_OUT,196621,C829627019,197277,295625,C639250352,719918,541661,1,0
233,PAYMENT,152090,C675757257,112743,23086,M973120912,789285,64512,0,0
407,TRANSFER,84081,C455569462,349230,410356,C849320474,477044,476799,0,0
699,TRANSFER,171489,C129635852,88887,284833,C823737375,194469,191929,0,0
99,PAYMENT,242655,C223847257,428670,181601,M562324458,181644,33368,0,0
464,PAYMENT,56735,C380477683,188297,460558,M965615974,783877,34889,0,0
142,CASH_OUT,293251,C291735734,117419,301990,C292486308,26015,521291,1,0
575,DEBIT,275407,C723403479,491752,100153,C214908010,49607,676069,0,0
63,CASH_OUT,283128,C385042337,316991,28930,C203416251,1379,397348,1,1
586,CASH_OUT,161397,C141078352,313673,13769,C663054538,533963,108621,1,0
598,TRANSFER,62219,C216396351,434848,2019,C259877461,180653,509968,0,0
120,DEBIT,144687,C740563507,335087,210154,C358738317,533953,676381,0,1
316,DEBIT,263428,C566609283,142728,394962,C306085476,472650,219015,0,0
10,CASH_OUT,102513,C471178705,272922,401336,C765484610,347786,678845,0,0
344,CASH_OUT,98285,C882269302,180378,450626,C665277813,393427,766656,0,0
533,PAYMENT,177229,C944420824,424206,231329,M371031968,368808,306984,0,0
132,DEBIT,139394,C436808455,372958,4131,C975329786,8367,770873,0,0
349,TRANSFER,15996,C568574364,476562,381059,C480578233,146474,151563,0,0
335,CASH_OUT,37494,C750911797,63190,483417,C387037751,57941,666483,0,0
379,DEBIT,120692,C649136331,212498,182088,C953556386,628800,159964,0,0
49,DEBIT,141539,C224173718,266626,368178,C526164289,698508,209991,0,0
511,TRANSFER,298176,C513600440,167809,339252,C184846271,693411,98746,1,0
7,DEBIT,203279,C719106699,209699,1919,C500561082,315414,380149,0,0
217,PAYMENT,72494,C304095531,132797,267847,M535968611,558236,658651,0,0
213,CASH_OUT,136209,C373506211,48825,345215,C592845076,61600,304422,0,0
239,TRANSFER,123199,C147659674,139909,290699,C706666479,95149,463328,0,0
609,CASH_OUT,254830,C861052404,280752,127424,C361142486,529129,16167,1,0
338,PAYMENT,199619,C568213197,277311,91725,M848651792,129745,337282,0,0
104,PAYMENT,175586,C101815992,150453,94799,M342512383,482517,431508,1,0
525,PAYMENT,277821,C658260221,468123,177059,M422095317,201474,261046,0,0
508,CASH_OUT,7335,C965984448,290693,229415,C834484102,522485,786401,0,0
194,DEBIT,121748,C678158427,471769,113535,C989124880,192122,588826,0,0
297,PAYMENT,203562,C837507241,73438,229685,M186561759,564267,600310,0,0
311,TRANSFER,264495,C872482077,386265,290042,C801943382,111597,580484,1,0
68,CASH_OUT,78024,C896662826,422970,432375,C797818850,222682,742441,0,0
180,DEBIT,189427,C891388192,126270,96950,C915599098,325737,365296,0,0
78,DEBIT,156180,C820081872,307422,47020,C134020981,401914,569158,0,0
622,CASH_OUT,147132,C311564862,9967,319744,C200395400,222129,539303,0,0
27,PAYMENT,113893,C491079829,327692,67396,M535164258,341925,548196,0,0
156,DEBIT,277355,C563102056,1115,201664,C507231644,353085,540735,0,0
448,TRANSFER,205853,C175133802,9795,146367,C504982743,588141,246130,0,0
7,TRANSFER,93397,C813219781,229408,437261,C693458652,482757,496574,0,0
672,CASH_OUT,189751,C454549587,61597,311032,C611106584,726903,691018,0,0
88,PAYMENT,294198,C769108025,340321,298663,M160252954,508715,23424,0,0
662,CASH_OUT,162108,C437064353,223734,389987,C783703040,682743,641316,1,0
393,TRANSFER,200517,C812306873,425910,58480,C110147040,766751,444140,1,0
117,DEBIT,187746,C233815413,346997,362408,C854674236,408275,672947,0,0
309,TRANSFER,30473,C872830248,129380,224647,C284021712,314096,549633,0,0
113,TRANSFER,89467,C422468580,282068,309642,C188783547,405486,432911,0,0
400,DEBIT,1720,C644518647,364709,303079,C636718857,456021,6732,0,0
685,CASH_OUT,11718,C432091877,287906,454055,C565906941,103976,81673,0,0
685,DEBIT,265469,C816070802,134693,475749,C792463878,782351,478174,1,0
539,TRANSFER,32252,C538508549,489464,441908,C942217648,780644,771784,0,0
75,TRANSFER,296998,C450236225,364119,461691,C455699119,605262,133107,1,0
500,CASH_OUT,18257,C532074125,348928,68447,C707583925,395340,423190,0,0
250,DEBIT,117469,C848621833,159236,91594,C202393989,161704,267524,0,0
113,TRANSFER,60191,C417457352,72577,102979,C667106600,67261,614181,0,0
173,DEBIT,288272,C695295870,469508,467308,C145689604,319540,474833,0,0
161,DEBIT,298173,C236674237,479771,375987,C346709900,559863,113104,0,0
689,TRANSFER,231552,C305986733,371557,30653,C327007332,304960,186964,1,0
383,PAYMENT,32476,C551450815,329572,219738,M843338269,523990,189007,0,0
658,TRANSFER,167577,C813962536,188206,363270,C708579840,88754,311671,1,1
655,PAYMENT,175312,C507104143,246337,420615,M610564546,673769,150250,0,0
567,DEBIT,127832,C827264603,398163,137559,C391086098,147748,752644,0,0
303,PAYMENT,133214,C903303363,360519,124501,M149995533,241472,299904,0,0
380,PAYMENT,3189,C286860433,37412,221516,M179830621,148388,120484,0,0
467,CASH_OUT,295557,C760904107,462970,272667,C834899763,576730,258750,1,0
405,DEBIT,130464,C711072118,335689,217201,C401048226,589573,468571,0,0
419,DEBIT,159194,C423142470,490224,246834,C683074772,255494,625329,0,1
448,DEBIT,116682,C536019893,213321,179340,C705064109,588212,644936,0,0
307,PAYMENT,119596,C688343096,285916,255931,M806639422,495832,289041,0,0
490,PAYMENT,262531,C995205588,212330,458253,M135328023,431838,100020,0,0
551,TRANSFER,273523,C100435874,232067,481522,C292580427,577564,312670,1,0
662,DEBIT,65284,C426283245,351664,321243,C437675369,694896,780912,0,0
306,PAYMENT,253178,C408071259,80770,213396,M116812751,576762,242024,0,0
37,TRANSFER,38446,C325681936,275345,315524,C322434334,633245,592251,0,1
112,DEBIT,255778,C561588882,492718,309750,C730325223,44858,111315,0,0
118,PAYMENT,160359,C943702118,211346,70441,M254824511,292560,432353,0,0
445,TRANSFER,118658,C722753913,291348,312385,C907727084,144318,374968,0,0
554,PAYMENT,21158,C751397897,200017,104332,M981209973,580294,698367,0,0
441,PAYMENT,151385,C802984810,278060,80903,M865268035,670951,612545,0,0
449,TRANSFER,169013,C446012478,433813,135102,C981437228,33550,799125,1,0
236,DEBIT,163502,C599277266,20431,202959,C527667092,456388,569229,0,0
465,DEBIT,229271,C574364121,210774,13429,C182611003,724442,629001,0,0
121,PAYMENT,202310,C574765466,427686,97551,M421346113,760135,594213,0,0
690,TRANSFER,119874,C825449223,20169,290358,C274429624,692255,426095,0,1
359,DEBIT,20755,C329460134,9399,123649,C705545509,728229,505410,0,0
551,CASH_OUT,205094,C648868899,465306,318936,C358205053,611882,707691,1,0
522,DEBIT,78633,C608079792,463598,128614,C708485104,620103,792904,0,0
645,DEBIT,102599,C952266893,232084,284464,C996199211,183505,610572,0,0
569,PAYMENT,177245,C954725078,305607,232321,M517853724,579885,731025,0,0
354,CASH_OUT,152856,C890232588,310281,373798,C826960759,721782,468380,1,0
20,DEBIT,195513,C282204745,159011,183000,C680424495,422418,768757,0,1
334,TRANSFER,62885,C807435606,294957,34831,C456192204,593695,534637,0,0
463,TRANSFER,73269,C191048514,420422,169319,C512151733,436370,416602,0,0
537,CASH_OUT,160312,C404713332,322338,436587,C911329267,46901,102020,1,0
682,CASH_OUT,10043,C653462378,257231,414425,C894295332,403562,150933,0,0
442,CASH_OUT,264391,C812807629,434010,269693,C250270803,366731,197872,1,0
422,TRANSFER,30163,C779615069,15401,82494,C948790854,767469,94430,0,0
534,DEBIT,131149,C764926227,216351,171796,C840141559,42637,198462,0,0
29,PAYMENT,213993,C459905654,168206,84179,M877564713,648852,768378,0,0
212,PAYMENT,67263,C200273738,407022,130842,M184211091,569601,195507,0,0
298,PAYMENT,123811,C978775497,84153,291908,M637722224,665428,489155,0,0
414,CASH_OUT,79283,C906528433,494523,456581,C900427880,232661,406080,0,0
493,PAYMENT,96981,C352188235,341504,286160,M471363809,501525,718954,0,0
543,PAYMENT,65240,C822408848,397751,377591,M157656107,490847,390932,0,0
524,PAYMENT,23036,C433310361,386723,398036,M204889313,244856,654433,0,0
643,DEBIT,216291,C341206079,404811,356749,C569319938,506357,70246,0,0
233,CASH_OUT,17341,C966040317,447628,280064,C349262723,465139,359175,0,0
561,TRANSFER,7270,C313814138,14318,369841,C181623972,644408,361949,0,0
610,PAYMENT,208068,C258220114,313454,327193,M465708674,641501,45950,0,0
14,DEBIT,210147,C126226563,282516,348820,C749794986,126951,211818,0,0
127,PAYMENT,296479,C149621604,277405,109599,M925713533,282154,46057,0,0
29,CASH_OUT,288746,C362897676,128938,458128,C759132774,281767,748886,1,0
664,DEBIT,198781,C610173760,307015,345922,C739529933,338974,695087,0,0
44,TRANSFER,137921,C756350429,361732,268718,C525956648,678381,333963,0,0
569,PAYMENT,161140,C925159146,88207,205788,M930598266,729055,735848,0,0
318,CASH_OUT,84623,C178198716,4507,78672,C450444259,144608,178270,0,0
457,PAYMENT,67294,C588999385,287555,45215,M131810311,283303,483121,0,0
364,PAYMENT,33898,C545002643,328206,265332,M780884334,142957,86569,0,1
237,TRANSFER,233983,C776205431,497784,157048,C393482659,466779,285154,1,0
483,CASH_OUT,37360,C718121922,158988,380079,C941328406,507704,417653,0,0
378,CASH_OUT,3781,C308773243,96160,314731,C583774585,95259,206604,1,0
693,PAYMENT,121218,C871318048,343862,444580,M626781451,89142,49757,1,0
189,TRANSFER,32183,C847704681,230739,350129,C344961731,235835,664399,0,0
116,TRANSFER,97593,C512293741,396963,50391,C482049366,679601,42771,0,0
147,PAYMENT,132986,C630833445,389821,14126,M693819730,667351,590296,0,1
386,PAYMENT,173184,C529123992,382984,173217,M503111666,86009,567848,0,0
135,CASH_OUT,250451,C361976301,157221,318926,C563693201,341653,64771,1,0
653,PAYMENT,260202,C258453521,132828,325341,M299434489,570986,418818,0,0
190,CASH_OUT,271587,C804436922,393348,260609,C829816799,375579,135183,1,0
161,CASH_OUT,287339,C838328947,84294,353857,C729078621,69634,211293,0,0
624,TRANSFER,137954,C105953697,72178,81214,C809391059,508410,145780,0,0
70,TRANSFER,234533,C906341966,299907,489080,C508099975,623295,379575,1,0
89,PAYMENT,126144,C926830795,39477,393813,M192013357,103845,439068,0,0
371,DEBIT,3214,C214447237,36558,488968,C929108437,70605,250495,0,0
54,DEBIT,276552,C935822550,400065,355706,C764233758,116196,290328,0,0
469,PAYMENT,24454,C556497252,465939,272654,M417161302,279837,456435,1,0
408,TRANSFER,298918,C334978881,194904,334259,C956905222,90629,407464,1,0
131,CASH_OUT,178026,C288856883,163030,96299,C364623437,150434,185770,1,0
63,TRANSFER,86255,C963406382,100931,334611,C865694462,167797,780226,0,0
132,DEBIT,20811,C847229579,9921,462574,C178927201,129909,30273,0,0
28,DEBIT,234490,C656152900,304393,325007,C188087644,676769,755584,0,0
318,DEBIT,232217,C598806645,178625,272409,C387732777,578528,694595,0,0
471,DEBIT,265139,C153921577,20460,78004,C265593497,43016,544162,0,0
359,PAYMENT,277748,C698509918,451127,358220,M508021882,197977,535539,0,0
232,PAYMENT,115258,C367574609,405325,226884,M864157523,651286,19629,0,0
23,CASH_OUT,34882,C230307805,220994,279773,C941695782,344785,707869,0,0
467,TRANSFER,99070,C590122159,319889,4791,C780645895,180685,279570,0,0
376,CASH_OUT,5599,C243171768,300406,62598,C265653546,424022,679520,0,0
331,PAYMENT,169124,C960514523,376440,446742,M894198823,717817,749130,0,0
306,PAYMENT,35462,C598906879,263503,1669,M518353415,214776,648513,0,1
242,DEBIT,196694,C816806128,316448,87081,C440030663,710373,748873,0,0
178,CASH_OUT,156018,C670298515,146965,345271,C487298927,460665,461110,1,0
129,PAYMENT,236936,C700141462,266167,14817,M214408183,183293,545255,0,0
576,DEBIT,150962,C739362057,226280,273949,C198269319,559836,487677,0,0
148,TRANSFER,78637,C440696084,213678,111198,C105578324,104405,771835,0,0
651,TRANSFER,115536,C910943524,397477,159262,C430999662,371698,145306,0,0
405,CASH_OUT,31205,C575209597,363435,194941,C577531502,14568,277721,0,0
571,DEBIT,294458,C757830420,295145,496586,C486458467,221437,658450,0,0
392,PAYMENT,238345,C975106572,301075,270086,M917489574,412942,498515,0,1
284,TRANSFER,130293,C872314530,241310,275550,C389659515,567843,403243,0,0
289,TRANSFER,53049,C642001424,346249,47800,C209770151,233127,700526,0,0
629,TRANSFER,186870,C558209399,352699,497769,C242278314,539457,546588,1,0
542,DEBIT,114078,C991816852,35135,255069,C193734690,45520,715720,0,0
497,PAYMENT,51667,C688273030,188704,9304,M301210399,614134,225683,0,0
9,PAYMENT,40249,C578796089,275375,53333,M562760731,300102,221746,0,0
302,TRANSFER,81368,C270894498,201002,355247,C581942228,330918,138966,0,0
104,TRANSFER,166453,C898493949,465636,374319,C698058121,428596,525400,1,0
113,PAYMENT,147978,C609677794,84981,329064,M695647539,206422,551614,0,0
567,DEBIT,146204,C583258726,471449,456791,C650229169,415000,601303,0,0
387,TRANSFER,80071,C378304807,69224,157029,C538134097,222785,603386,0,0
143,TRANSFER,274370,C907214179,286858,371877,C210909937,691310,621141,1,0
684,DEBIT,291051,C365471644,353572,316615,C128198506,527480,182235,0,1
248,TRANSFER,203560,C784683755,45783,463395,C196227496,51408,305169,0,0
99,CASH_OUT,28264,C397760792,167442,406489,C480012570,349924,742092,0,0
661,PAYMENT,159304,C922286180,318275,62112,M695088987,686874,328784,0,0
681,DEBIT,133951,C935021998,189977,274444,C199926988,147330,393345,0,0
624,CASH_OUT,206414,C659741412,361938,454978,C740942859,453814,37739,1,1
354,DEBIT,188729,C620332086,187163,423756,C742144634,529650,380360,0,0
471,DEBIT,208635,C772966010,415769,466246,C942284665,328756,796478,0,0
380,CASH_OUT,187235,C356888294,344120,134011,C448354409,280558,155355,1,0
102,PAYMENT,213593,C394846763,244269,1049,M513646070,274462,69123,1,0
580,PAYMENT,204927,C572309605,209417,264418,M113250637,757071,465718,0,0
11,PAYMENT,237203,C183197117,22228,29072,M413368711,16375,569981,0,0
219,DEBIT,272927,C866162966,264139,129288,C544325176,506399,450587,0,0
367,CASH_OUT,84819,C406798268,26751,258771,C516396603,343782,457391,1,0
364,CASH_OUT,255195,C351785565,183206,280141,C936626463,757553,728962,1,0
228,TRANSFER,141874,C391751878,29717,320692,C190945411,554700,383021,0,0
306,CASH_OUT,231289,C460613550,376826,24918,C878295151,750385,23088,1,0
43,CASH_OUT,145793,C443285529,148112,110234,C700797791,324158,45606,0,0
146,CASH_OUT,179106,C679984033,260933,35109,C360642799,270640,376645,1,0
13,PAYMENT,86494,C186519602,4576,393783,M714137833,53533,273219,0,1
672,CASH_OUT,281887,C248578017,453028,159876,C659531734,569494,623521,1,0
126,TRANSFER,138539,C261953189,384546,449622,C282088279,778810,548795,0,0
360,DEBIT,84917,C348315126,495784,205383,C835852444,139148,231362,0,0
77,DEBIT,287266,C511281012,135311,908,C508807900,371126,77332,0,0
187,CASH_OUT,264240,C845122940,86310,449110,C282001119,303294,14629,0,0
298,CASH_OUT,231891,C264073400,102951,56344,C249078381,776796,193073,1,0
257,PAYMENT,51513,C858511779,486537,270888,M388749542,465996,619266,1,0
180,PAYMENT,251813,C329730155,166465,294065,M423337234,463002,330429,0,0
399,PAYMENT,180209,C168965204,376749,138056,M388199600,372209,342406,0,0
348,TRANSFER,94048,C545461013,372428,335830,C629487801,418161,217872,0,0
128,PAYMENT,60480,C537656494,257320,103235,M256696327,194020,32548,0,0
254,CASH_OUT,32866,C455281184,337523,371215,C167932588,567191,534714,0,0
594,TRANSFER,195989,C682624278,193080,204222,C279537578,107271,154125,1,0
580,PAYMENT,13388,C600282414,189123,244901,M566730092,202929,330600,0,0
143,TRANSFER,104800,C546434187,154030,430665,C396311802,638751,729391,0,0
624,PAYMENT,16662,C166857303,462166,334398,M552155193,664882,656023,0,0
474,CASH_OUT,180174,C322086735,354620,153048,C421856529,666933,567255,1,0
109,CASH_OUT,88880,C994310083,365750,244413,C619939412,393727,200277,0,1
623,DEBIT,286318,C551125671,281608,10652,C940381893,758961,265968,0,0
246,DEBIT,119515,C518197538,37136,485777,C182593686,60067,528658,0,0
691,TRANSFER,205332,C926561919,428990,20719,C487754927,60664,118278,1,0
407,PAYMENT,134579,C727150493,143670,3679,M370260533,694029,177248,0,0
513,CASH_OUT,283107,C846812123,332343,337927,C364774064,27313,206946,1,0
285,DEBIT,226553,C120972273,66133,403273,C874059895,365169,350933,0,0
220,DEBIT,490,C922050912,85283,10638,C771124810,121509,298816,0,0
47,CASH_OUT,286298,C718142807,153817,70729,C632363811,780768,685846,1,0
631,PAYMENT,150923,C508431021,484768,333869,M737594763,158566,349352,0,0
541,PAYMENT,109481,C612153089,103021,162776,M762143074,496464,789417,0,0
281,TRANSFER,114103,C106330865,21274,433858,C309968304,738661,53106,0,0
376,CASH_OUT,265885,C477698143,194405,238161,C591625191,500508,741001,1,0
261,CASH_OUT,50490,C420632895,7032,450180,C214860711,586347,367101,0,0
564,CASH_OUT,195099,C909037759,464535,293129,C245480775,382605,38734,1,0
161,PAYMENT,222528,C518744974,916,393659,M427124037,457183,13869,0,0
538,TRANSFER,29187,C997356828,415333,433654,C107266407,412167,302262,0,0
99,DEBIT,128547,C549920675,238886,378662,C524871030,267825,210995,0,0
497,TRANSFER,145313,C677909930,306369,395032,C456715514,528883,38079,0,0
650,CASH_OUT,190645,C902638839,12076,69837,C765926290,513959,57429,0,0
295,CASH_OUT,226124,C888807316,337261,388938,C507903732,637293,329669,1,0
626,DEBIT,10168,C686405096,433689,368867,C963370520,290375,481875,0,0
683,DEBIT,238019,C958851904,302756,256346,C453842723,542166,37555,0,1
638,TRANSFER,93178,C747737533,367728,360447,C572685761,716549,344199,0,0
126,CASH_OUT,101994,C336801619,392573,288065,C459420281,644691,231944,0,0
580,PAYMENT,164504,C624232414,466152,318531,M562370643,73916,205696,0,0
676,CASH_OUT,225561,C335602191,136313,132773,C975610118,28400,733442,1,0
541,TRANSFER,126318,C393062061,262508,90815,C984264226,446049,317582,0,0
84,TRANSFER,23934,C567975319,384083,496916,C799045497,683835,117639,0,0
227,PAYMENT,58508,C621454127,368350,220533,M738224541,698560,331422,0,0
26,DEBIT,87976,C131165166,441209,411077,C246162540,545061,12442,0,0
367,TRANSFER,156277,C517532243,376460,258414,C422589929,779427,599980,1,0
124,PAYMENT,281604,C460916347,83591,105474,M444311586,218216,777585,0,0
524,PAYMENT,290623,C818197581,244453,85637,M747693166,346300,98026,0,0
279,DEBIT,70409,C829223044,95428,194188,C846564420,25530,494651,0,0
39,CASH_OUT,1566,C956998797,387486,369775,C315662642,695003,56959,0,0
460,DEBIT,29192,C534131719,24435,2016,C614332794,352171,582473,0,0
187,TRANSFER,54886,C877583839,485334,363633,C437351729,318457,481005,0,0
203,CASH_OUT,118554,C277215428,241876,391825,C290736564,406637,421064,0,0
660,CASH_OUT,97052,C601856351,96213,295759,C527606494,792401,392963,0,0
303,DEBIT,190037,C237039296,391479,2460,C442671456,366074,211177,0,0
319,CASH_OUT,96065,C768143326,349937,201610,C412940071,662600,433632,0,0
158,DEBIT,87345,C673510887,191848,243966,C889065340,126206,466548,0,0
616,TRANSFER,53734,C128955006,146109,344087,C846205223,113926,740400,0,0
520,TRANSFER,150634,C523076025,245358,484222,C779573843,98453,392297,1,0
517,DEBIT,282252,C735540030,14274,313588,C627215082,13672,508034,0,0
692,PAYMENT,61460,C706011277,396419,439372,M718345671,378824,409355,0,0
411,PAYMENT,171377,C811890569,438206,352044,M939638591,555623,777725,0,0
610,TRANSFER,72195,C129100607,252356,495707,C360301107,396904,212328,0,0
58,TRANSFER,203914,C190137896,22995,464249,C449917685,727688,672818,0,0
106,PAYMENT,292510,C790147183,45117,195242,M503786306,438055,778263,0,0
134,DEBIT,249502,C560219456,38546,494148,C400969989,441157,244965,0,0
630,DEBIT,295367,C245706210,183011,335576,C976704309,168828,319649,0,0
268,PAYMENT,39320,C595744935,61821,15,M943817764,560414,642469,0,0
581,CASH_OUT,225509,C295130056,117919,312067,C521910884,148269,739906,1,0
659,PAYMENT,271735,C153992714,139596,192949,M491932454,530547,126560,0,0
20,CASH_OUT,259518,C379340713,447150,327407,C222286118,653302,218223,1,0
664,DEBIT,105285,C507059676,305428,295890,C705429879,426141,158516,0,0
559,DEBIT,13040,C451492250,358577,398139,C314533665,109367,236579,0,0
660,DEBIT,268111,C327268503,90135,306468,C735898931,343288,407002,0,0
463,TRANSFER,58147,C588229686,438698,421607,C685864775,155647,215886,0,0
96,PAYMENT,41181,C450948014,481436,169180,M293195372,345123,163118,0,0
452,TRANSFER,112015,C462388455,420331,169573,C831983367,186988,775318,0,0
289,PAYMENT,259690,C917364173,286370,241324,M924223452,270114,400337,0,0
40,PAYMENT,198253,C507083673,419970,265953,M690664472,570179,370266,0,0
233,TRANSFER,212903,C398775766,340459,199416,C128900946,352594,130860,1,0
637,DEBIT,192096,C907464398,143008,311467,C880839406,233670,415019,0,0
420,PAYMENT,113134,C993271900,260123,61836,M595663087,284599,61700,0,0
39,DEBIT,225787,C552651788,443148,163041,C860603328,504869,769483,0,0
227,DEBIT,294250,C370874491,45591,114832,C325108249,739568,793936,0,0
366,DEBIT,298376,C996478772,491966,330080,C570787423,564562,432043,0,0
521,DEBIT,76511,C187946147,269580,300455,C956508307,762301,403036,0,0
12,DEBIT,207402,C604988121,457811,265482,C412814503,241300,792047,0,0
454,CASH_OUT,118096,C120812641,54672,480001,C992582047,627358,165154,0,0
148,TRANSFER,246355,C904258674,128140,234347,C843926219,599181,509142,1,0
396,PAYMENT,185650,C679196799,323560,390820,M174258554,589930,726099,0,0
303,DEBIT,30441,C155926488,499631,381784,C979357576,136343,376149,0,0
329,TRANSFER,262975,C475767056,174588,274915,C954330018,104887,323733,1,0
342,CASH_OUT,60454,C340756713,489847,496381,C953673740,640360,726808,0,0
648,DEBIT,81271,C798086909,360029,127922,C539312437,393236,652595,0,0
5,DEBIT,242137,C173678414,466516,473818,C822604249,650009,244300,0,0
580,TRANSFER,31919,C938842599,234456,132957,C636122747,277533,545422,0,0
508,DEBIT,99183,C799816232,86576,336678,C249442440,34142,213827,0,0
639,PAYMENT,227700,C143226844,351814,141753,M780039397,753511,162650,0,0
154,DEBIT,142257,C909851739,489858,32543,C425164079,753315,289006,0,0
493,CASH_OUT,68211,C133318206,283496,79993,C359868249,428082,495262,0,0
271,DEBIT,266250,C365518424,229767,312051,C371314895,60481,322030,0,0
665,TRANSFER,241456,C314061901,289962,481641,C807233980,583984,374684,1,0
441,PAYMENT,119973,C121882877,115074,70283,M265510032,588829,186571,0,1
664,PAYMENT,5694,C767154083,275170,145871,M867979226,730806,206823,0,0
160,DEBIT,123845,C263619298,228953,38665,C554330180,297625,193201,0,0
406,DEBIT,290111,C356135680,59155,53365,C947264726,570954,119233,0,0
267,DEBIT,295785,C235528741,317525,163947,C504790811,453885,65555,0,0
526,DEBIT,29026,C608482316,430795,141758,C179419456,468304,443108,0,0
379,TRANSFER,157641,C818825964,67850,256349,C582181718,586532,148079,0,0
168,DEBIT,161249,C222824732,442611,283568,C742026586,611530,261041,0,0
440,DEBIT,283453,C705557720,412636,111126,C614574336,234631,503122,0,0
257,TRANSFER,82118,C334037646,384784,265954,C725179752,415660,291922,0,0
508,PAYMENT,243422,C599326438,488783,362205,M530361198,629600,573570,0,0
367,DEBIT,148569,C851044796,98662,373690,C673772626,399605,312773,0,0
261,TRANSFER,140499,C375139575,24544,297019,C643971182,476728,234618,0,0
302,TRANSFER,222443,C923450567,29430,120623,C842716738,351771,527947,0,0
691,DEBIT,234418,C496098177,264019,284293,C549146950,24220,743894,0,0
8,TRANSFER,227644,C280162221,477632,495655,C683734594,699400,344994,1,0
386,PAYMENT,107457,C750572325,61260,444165,M139476288,121449,548407,0,0
231,PAYMENT,160676,C752027025,348249,225295,M949030118,422227,41559,0,0
297,TRANSFER,283273,C903079055,487335,101799,C486041850,626517,164772,1,0
247,TRANSFER,249837,C871330207,197127,98938,C853374076,794686,516641,1,0
592,CASH_OUT,199315,C222978730,145152,286422,C972197233,429767,268159,1,0
320,CASH_OUT,213582,C935147672,84193,33717,C676498415,791352,504316,0,0
192,DEBIT,263317,C979717936,359792,457948,C737609304,272530,528258,0,0
365,TRANSFER,256423,C275842194,48926,457864,C785240944,204739,223989,0,0
377,CASH_OUT,160306,C433975497,167610,164762,C191248659,3098,16490,1,0
428,TRANSFER,249919,C216070149,462122,238117,C217434526,48582,30716,1,0
531,PAYMENT,11450,C721358005,386688,466103,M925658123,644467,485315,0,0
217,PAYMENT,243559,C127571992,282533,21381,M366535973,779685,586749,0,0
561,DEBIT,120911,C434961542,5947,67764,C806094391,400036,485081,0,0
601,DEBIT,26001,C718257024,141932,214418,C813709631,778610,428535,0,0
156,TRANSFER,181423,C827296111,483075,112909,C481187819,633801,523566,1,0
39,DEBIT,72673,C502982778,375463,98385,C278604592,706584,646592,0,0
485,PAYMENT,232169,C525904456,396172,150494,M794710793,146297,331679,0,0
554,DEBIT,152217,C867741192,329704,81462,C757857890,79794,36368,0,0
388,DEBIT,54295,C312954978,419924,120118,C147563208,773408,4522,0,1
677,TRANSFER,71142,C181600593,338493,73601,C704753177,402854,609525,0,0
393,CASH_OUT,77697,C735760237,242556,230517,C792596980,102071,511517,0,0
124,DEBIT,214268,C841541582,360055,205338,C827429909,201464,783577,0,0
216,DEBIT,39551,C991819497,101999,246160,C794435663,782328,315596,0,0
19,DEBIT,221034,C773496394,130381,108007,C529086280,380665,405519,0,0
409,TRANSFER,234878,C360757540,173805,64377,C908186980,740537,708074,1,0
275,PAYMENT,234947,C209415691,417938,124786,M456049246,363133,758921,0,0
658,DEBIT,133158,C848605284,142181,212628,C954946593,400498,635552,0,0
273,DEBIT,87462,C929445037,291909,44308,C562198122,765127,542834,0,0
670,DEBIT,39141,C423821937,207925,340022,C213757100,536498,467601,1,0
161,CASH_OUT,281026,C834717549,91228,424466,C111325589,312809,225962,0,0
507,DEBIT,121170,C744687060,335787,316782,C205877984,507099,312601,0,0
401,DEBIT,58919,C964929067,266129,82001,C377818215,119277,44588,0,0
427,DEBIT,141102,C229981882,397099,425840,C338371847,743472,488963,0,0
422,CASH_OUT,39653,C954942461,420628,206598,C648334433,263552,151521,0,0
149,DEBIT,271323,C707665448,95852,4694,C901927335,641447,462833,0,0
490,CASH_OUT,264180,C940348305,275000,495339,C657054862,562781,56539,1,0
632,PAYMENT,78963,C144097647,254289,23259,M699140867,546848,334943,0,0
222,PAYMENT,59264,C472807202,178168,231832,M723326773,681182,10934,1,0
691,PAYMENT,238640,C672030854,26708,227561,M838374035,618470,383276,0,0
288,CASH_OUT,146345,C559967386,416460,305415,C717654311,645452,176225,0,0
393,PAYMENT,247767,C810303128,442726,455605,M337331022,659789,66846,0,0
564,TRANSFER,154056,C497897455,6475,379346,C578651079,670534,122388,0,0
605,TRANSFER,91025,C174041730,483791,185102,C501707828,10002,485780,0,0
562,PAYMENT,157799,C643271261,79472,497721,M519977113,247688,519751,0,0
485,TRANSFER,89946,C795294275,465370,445792,C597210335,313678,212810,0,0
507,TRANSFER,143129,C466394187,441144,18740,C929296154,355143,338781,0,0
293,TRANSFER,74331,C113585139,266656,303479,C829667145,566464,206068,0,0
210,DEBIT,207540,C551034639,498214,189340,C731993655,600988,63560,0,0
145,TRANSFER,153048,C982971099,468032,156215,C841351411,727591,304661,1,0
450,CASH_OUT,146802,C626350075,136984,337844,C637371044,269182,231360,0,0
19,DEBIT,180065,C213321496,343125,372107,C261861139,475388,705966,0,1
640,DEBIT,122135,C565492204,37310,480078,C470405910,73079,229176,0,0
365,PAYMENT,152149,C488896443,210494,61032,M126373949,605950,618519,0,0
532,DEBIT,109128,C782454310,328468,309794,C618371508,464736,256196,0,0
640,TRANSFER,85266,C989817696,455651,218816,C212259020,526761,406906,0,0
3,PAYMENT,189618,C593641365,451636,17718,M417217932,196437,648490,0,0
653,TRANSFER,243788,C859466878,224872,467002,C546650213,29756,400662,1,0
546,DEBIT,175424,C264272995,209870,373850,C192185888,203729,413113,0,0
53,CASH_OUT,297615,C567600762,146903,36303,C224628497,613337,699268,1,0
435,DEBIT,135995,C289125618,357188,291946,C992620629,101096,631475,0,0
103,DEBIT,191580,C887906704,248430,206132,C883993370,706465,177587,0,0
199,TRANSFER,277442,C660221300,173101,248924,C252122560,558692,730002,1,0
570,PAYMENT,120717,C798423334,195543,242802,M474015041,398722,675004,0,0
178,PAYMENT,78522,C389998761,238972,399263,M434889710,771687,41770,0,0
386,DEBIT,23165,C761330848,267439,337864,C468365044,788049,521358,0,0
566,DEBIT,227205,C967797300,117450,87945,C588909690,43262,368121,0,0
316,TRANSFER,162107,C677858758,176637,16427,C942103498,280759,754899,1,0
362,PAYMENT,55043,C931764920,373221,316304,M322122096,248751,381767,0,0
203,TRANSFER,28733,C619151495,13877,398708,C659542785,574310,178066,0,0
210,CASH_OUT,20287,C599154414,379989,304604,C618537844,700416,490492,0,0
320,CASH_OUT,33066,C567694547,206749,81147,C473984594,494775,54459,0,0
310,PAYMENT,209187,C986625773,291689,213092,M611275626,431613,782307,0,0
513,PAYMENT,5309,C884933416,479069,281035,M204821934,190732,588345,0,0
400,CASH_OUT,48137,C736164778,354060,34986,C570477095,494132,316131,0,0
364,DEBIT,164152,C388187517,14481,491112,C875235090,238198,302508,0,0
59,DEBIT,250563,C446071904,334402,446799,C848143863,582678,324329,0,0
652,PAYMENT,209224,C363598427,245456,10956,M585811477,539353,300877,0,1
659,DEBIT,296313,C991990632,361756,294458,C442426442,644566,360823,0,0
501,DEBIT,171449,C193053577,102153,266890,C172127903,146444,115278,0,0
537,DEBIT,246456,C399496923,252313,191196,C422406106,505920,612866,0,0
559,CASH_OUT,95410,C584044963,488409,415162,C147978060,543647,65214,1,1
218,CASH_OUT,144591,C361846370,90570,231853,C969930526,623944,38237,0,0
177,TRANSFER,174231,C905817775,169251,181593,C863193132,165368,285201,1,0
157,DEBIT,173715,C598976917,110777,156640,C223571865,195346,466725,0,0
375,PAYMENT,187744,C711871397,164486,167364,M124250578,108269,272196,0,1
564,PAYMENT,291727,C755338677,262530,177171,M468377143,601305,413926,0,0
456,TRANSFER,191403,C817461907,16911,240644,C795752405,419389,416790,0,0
519,TRANSFER,191924,C506936666,73551,159562,C217427280,585233,328648,0,0
58,TRANSFER,112413,C461203124,170231,195543,C827072823,522117,178810,0,0
403,PAYMENT,291953,C130816384,204335,179884,M959047280,278496,1010,0,0
183,PAYMENT,32330,C630757561,4677,179889,M276473863,427894,491029,0,0
618,TRANSFER,154707,C448981305,150214,10204,C895094534,80294,23560,1,0
291,DEBIT,219157,C295249057,288999,374612,C361899532,320161,684732,0,0
374,DEBIT,179836,C623502759,130334,233982,C654044237,207358,40565,0,0
446,DEBIT,288237,C327761953,420804,363890,C287317728,693578,689331,0,0
488,CASH_OUT,178230,C480990401,192214,86839,C692609167,347614,569677,1,0
304,TRANSFER,84463,C956665975,238755,214601,C271944408,758912,560076,0,1
476,DEBIT,123869,C377403790,26613,491513,C455397438,740126,197935,0,1
466,CASH_OUT,80528,C465436049,128027,281039,C701133236,259291,505002,0,0
221,TRANSFER,43581,C400281010,431989,480106,C557810637,71301,300660,0,0
177,TRANSFER,8414,C740116562,236502,27690,C596126873,27426,695089,0,0
218,DEBIT,99419,C852890318,403366,63138,C348952994,653524,163878,0,0
420,TRANSFER,263651,C396641124,461212,197118,C956583753,13698,489922,1,0
653,CASH_OUT,10837,C696776072,488601,226137,C534916368,500252,533893,0,0
648,CASH_OUT,199010,C110899674,315980,287181,C776199993,342112,66686,1,0
638,PAYMENT,11669,C654724287,44484,431812,M298053584,347591,331253,0,0
47,PAYMENT,230736,C305145276,321020,30531,M300131434,181350,764291,0,0
144,TRANSFER,172957,C191926217,389715,491422,C787708952,16488,213065,1,0
396,TRANSFER,121735,C359154084,71309,32844,C805778992,683429,376244,0,0
469,TRANSFER,315,C873174285,148348,117116,C564000836,247145,619902,0,0
692,PAYMENT,23390,C536398872,86928,419855,M524753348,738006,460662,0,0
499,PAYMENT,84798,C624606470,147478,271452,M131344962,500228,420141,0,0
254,TRANSFER,178938,C696115913,253890,396281,C891764728,137039,682550,1,0
172,CASH_OUT,258071,C914073098,227402,402652,C759392301,581575,139771,1,0
191,CASH_OUT,59322,C358045858,44645,229707,C311875497,420114,139830,0,0
65,CASH_OUT,174,C841536135,378769,218811,C582727494,411998,601380,0,0
95,CASH_OUT,240717,C611201082,82912,127378,C735873300,582992,179815,0,0
126,CASH_OUT,255593,C793532952,255792,417165,C561228852,290534,573367,1,0
465,PAYMENT,31773,C864334960,466705,151174,M517509245,50021,719935,0,0
688,DEBIT,217382,C627015393,476899,467726,C104778194,687100,87844,0,0
575,PAYMENT,236142,C581223755,241382,456566,M856704108,336433,625070,0,0
510,DEBIT,233412,C951405188,241084,215530,C330635563,424018,125812,0,1
22,DEBIT,120343,C118514813,99862,65018,C320959407,591881,470547,1,0
128,PAYMENT,32869,C199915275,303113,79400,M398870482,650060,471529,0,0
602,PAYMENT,144358,C415933049,248292,216311,M907803348,123482,660773,0,0
524,PAYMENT,2737,C337937327,131832,210192,M855656265,393920,451392,0,0
330,DEBIT,155766,C534222401,262199,292021,C968366997,88757,37117,0,1
344,PAYMENT,289919,C842800803,117517,300065,M954707142,787718,781570,0,0
294,DEBIT,43956,C361246928,174124,39767,C167177312,292527,201657,0,0
285,TRANSFER,158372,C428786222,117928,228495,C719922596,537488,187381,1,0
239,DEBIT,18657,C812921644,161855,7971,C209255425,419230,660980,0,0
226,PAYMENT,165737,C724440558,340068,218417,M958459117,705255,567383,0,0
94,CASH_OUT,131104,C496232693,104085,313514,C676480186,527561,334348,0,0
3,DEBIT,32432,C608159580,210481,55547,C300746596,111119,668465,0,0
594,PAYMENT,3643,C694287057,414684,466467,M492767278,394833,5704,0,1
188,PAYMENT,293661,C670073085,343243,495580,M450023635,561465,791747,0,1
1,DEBIT,17032,C469106688,265033,182873,C311606895,328042,394079,0,0
613,CASH_OUT,265328,C556881239,18706,488633,C591291025,784429,278429,0,0
216,DEBIT,99585,C900942073,337747,6277,C222358216,249220,596122,0,0
42,TRANSFER,150744,C690975123,466274,219162,C381699808,222322,110091,1,0
227,TRANSFER,206824,C455184454,469497,206553,C820160169,711182,597446,1,0
436,DEBIT,43823,C477753674,316855,85615,C625579419,66912,507726,0,0
137,PAYMENT,42237,C854684750,275419,324940,M666629680,16040,688916,0,0
398,CASH_OUT,52103,C587205269,476102,135486,C786237617,138691,8724,0,0
133,CASH_OUT,8820,C390894296,337931,140721,C436515102,264531,285199,0,0
133,TRANSFER,115019,C429233929,331450,113528,C740992546,224997,505655,0,0
70,CASH_OUT,289485,C369942642,323671,383363,C517298229,149748,63969,1,0
470,TRANSFER,77611,C347538338,315315,226812,C756387421,625412,469045,0,1
322,PAYMENT,228972,C229553265,33351,70825,M521490916,605984,281872,0,0
350,CASH_OUT,112213,C874473159,132232,108806,C730291513,298388,253130,0,0
483,PAYMENT,290280,C306785808,289194,409579,M222655758,695136,409991,0,0
146,PAYMENT,122102,C438817025,61480,448247,M473581239,56680,597083,0,0
491,TRANSFER,107192,C228370927,251942,52802,C477940931,123844,325112,0,0
239,PAYMENT,19123,C897662466,416512,138355,M591624059,635181,480702,0,0
374,DEBIT,106180,C675379544,64373,449443,C762888128,14425,160787,0,0
637,CASH_OUT,228606,C918394863,18847,403132,C285250002,767441,195392,0,0
11,PAYMENT,40970,C841057474,378522,85779,M973744799,671844,116905,0,0
309,PAYMENT,113876,C298803134,401752,165334,M823260532,34512,182997,0,0
685,PAYMENT,265760,C305665554,97243,392653,M858049231,404364,395668,0,0
330,DEBIT,280544,C332341238,32583,141609,C959652076,168769,525418,0,0
10,DEBIT,99864,C893070706,47850,145476,C419378952,35572,127574,0,0
175,PAYMENT,293413,C619904272,407124,120035,M759797724,94266,565168,0,0
310,PAYMENT,102426,C396889215,342762,484405,M733688460,211087,283650,0,0
359,CASH_OUT,35809,C878017216,168678,116251,C191001735,10712,507966,0,0
42,TRANSFER,232368,C733064117,37271,59030,C821672704,393399,334132,0,0
83,PAYMENT,253708,C916267011,295966,493769,M243825321,132672,99341,0,0
89,PAYMENT,164096,C663324548,250319,300159,M436280635,17175,294887,0,0
586,TRANSFER,89426,C740799178,55479,446021,C226552991,414927,657960,0,0
104,DEBIT,151838,C403867539,277354,166415,C356165519,168767,505626,0,0
381,TRANSFER,14750,C207939087,261139,396907,C427899285,794814,375926,0,0
682,DEBIT,298945,C994027897,444122,31126,C225572934,501571,760392,0,0
551,CASH_OUT,125649,C308432166,320562,418318,C296542559,267429,318442,0,0
161,TRANSFER,3848,C418092217,269388,204120,C500834337,99919,406497,0,0
379,DEBIT,31286,C344258191,209966,170623,C844571822,737351,226325,0,0
356,TRANSFER,233394,C487493096,292772,346723,C251782582,510237,79711,1,0
588,PAYMENT,299579,C292673892,153463,415813,M648494024,767018,618871,0,0
92,DEBIT,167091,C424557359,370541,330057,C517109257,87893,24067,0,0
260,DEBIT,170557,C115191689,172055,369591,C549080818,93566,692150,0,0
434,TRANSFER,278006,C860229059,228024,482209,C740407346,600322,61201,1,1
113,PAYMENT,257931,C673523188,192593,160322,M248033880,493301,108197,0,1
380,CASH_OUT,94981,C235917419,253807,422397,C717193289,66126,464133,0,1
445,CASH_OUT,225858,C394539550,377332,355642,C512005439,363076,38469,1,0
373,PAYMENT,103880,C148872110,101505,282566,M554234434,547933,740739,0,0
579,TRANSFER,13486,C158546865,22948,88919,C299451515,148940,33087,0,1
15,TRANSFER,122772,C694164665,46936,483880,C622558165,316405,452029,0,0
284,DEBIT,58755,C413679331,131066,254599,C782364690,90450,68625,0,0
141,CASH_OUT,74907,C848846217,429358,453156,C677006598,202252,294772,0,0
320,CASH_OUT,161779,C235591568,37941,148843,C844567935,133997,4983,0,0
160,TRANSFER,224893,C784907325,6704,488426,C792842747,171871,449467,0,0
365,CASH_OUT,125054,C908304440,372646,192803,C286009450,199304,523292,0,0
665,TRANSFER,180071,C627076988,118922,119107,C695832844,648843,778060,1,0
2,PAYMENT,76150,C210152642,328873,43563,M279170491,598097,468295,0,0
177,PAYMENT,89913,C113169872,418773,65350,M625749126,541567,698309,0,0
513,CASH_OUT,29092,C716396766,80141,55486,C410133983,289068,327526,0,0
607,CASH_OUT,34853,C405307028,310219,477432,C250642261,648782,663621,0,0
82,PAYMENT,137899,C604011128,221970,427649,M300895568,456331,781798,0,0
532,DEBIT,254897,C614015466,257591,239190,C437777716,315387,117616,0,0
55,TRANSFER,8057,C572949775,177408,102466,C584258607,182572,779340,0,0
666,CASH_OUT,162102,C465830215,422263,100804,C765086407,652664,754077,1,0
113,PAYMENT,117869,C297958983,28067,81588,M157564650,466727,725166,0,0
420,CASH_OUT,137049,C155165334,339619,200122,C485515372,192386,120497,0,0
43,CASH_OUT,245036,C371096600,158058,20951,C110290140,601103,595730,1,0
361,CASH_OUT,142792,C612957813,324595,322839,C620344871,220319,360372,0,0
450,PAYMENT,227805,C222500131,127880,264837,M246603034,795415,364633,1,0
345,DEBIT,260564,C982739959,146192,283083,C309517616,369068,25622,0,0
12,DEBIT,136249,C170161976,25825,407650,C975331448,758603,198187,0,0
552,TRANSFER,231337,C530256336,443098,107009,C512256916,495951,120026,1,0
74,TRANSFER,139976,C628008852,474917,157998,C702994164,314380,127873,0,0
521,TRANSFER,85466,C179545125,272217,64186,C642709938,450511,747004,0,0
69,TRANSFER,30580,C719571745,382087,448477,C801228319,273139,670194,0,0
547,DEBIT,183904,C775862179,19787,94527,C631469831,394836,82910,0,0
417,CASH_OUT,99568,C837071174,169808,244533,C539304662,797822,553667,0,0
92,TRANSFER,61815,C157562304,218961,36282,C835187452,23027,461535,1,0
510,TRANSFER,274449,C262915636,352792,463609,C627986647,768013,713569,1,0
66,PAYMENT,251216,C260199682,468646,249602,M546279777,169421,683228,0,0
628,DEBIT,234607,C970957171,175963,459843,C862509565,740511,207593,0,0
529,PAYMENT,93931,C704344408,196349,2994,M576582183,636925,11171,0,0
551,DEBIT,290755,C426240903,55797,439525,C624737111,710732,473137,0,0
476,DEBIT,234553,C191462297,108237,310112,C279587066,311251,399325,0,0
524,CASH_OUT,13669,C366493008,433297,144542,C188766909,150408,560811,0,0
160,CASH_OUT,193746,C227186396,387405,134607,C707091264,535382,772723,1,0
670,CASH_OUT,274992,C699226355,496210,397243,C133136428,149485,604808,1,0
84,DEBIT,31656,C920814900,64591,384474,C954570592,663515,511765,0,0
466,TRANSFER,249364,C546863451,394411,289445,C917178325,256760,471358,1,0
563,PAYMENT,105533,C751028618,11292,90481,M336791759,532451,160631,0,0
9,TRANSFER,16089,C740086326,402993,389666,C413629152,305292,780504,0,0
313,DEBIT,224966,C949051496,382111,172109,C135106082,119095,216992,0,0
40,TRANSFER,267026,C764021648,437922,162948,C395121074,786526,333390,1,0
664,DEBIT,65967,C342329714,68304,472164,C341423782,482843,66780,1,0
29,DEBIT,199718,C932894596,341342,358349,C677252858,398115,445170,0,0
332,TRANSFER,144554,C661107986,185221,262701,C409957384,746086,325238,0,0
365,CASH_OUT,131662,C508427798,454988,133332,C280613009,642811,642059,0,0
227,TRANSFER,103679,C583736219,18402,67664,C938313402,434737,409852,0,0
54,CASH_OUT,193094,C575368059,421001,346874,C591045102,188691,153520,1,0
191,CASH_OUT,271191,C419280490,422593,482811,C707362554,141268,335500,1,0
254,CASH_OUT,248190,C731924051,418241,428583,C897272900,47922,670037,1,0
163,TRANSFER,20955,C560452529,289372,447392,C929516706,633556,490846,0,0
460,TRANSFER,257512,C427899537,321196,220511,C922399856,406201,459410,1,0
460,CASH_OUT,69618,C710561240,199899,410716,C631838653,7253,772427,0,0
124,PAYMENT,238541,C766823010,405854,197167,M690263993,489838,165493,0,0
512,TRANSFER,148966,C164671796,454472,12974,C648473746,275261,138876,0,0
388,DEBIT,55898,C754586204,383814,200798,C221559383,787646,288363,0,0
97,PAYMENT,148720,C894664845,105509,342135,M714947037,620007,293797,0,0
282,DEBIT,143804,C206551233,301411,324888,C222628457,269594,128514,0,0
12,CASH_OUT,19222,C918982730,317499,83721,C387643522,330502,220767,0,0
166,TRANSFER,287407,C323110563,155887,142770,C932271276,3657,472194,1,0
477,CASH_OUT,121269,C771641650,263053,87052,C683155818,200211,98171,0,0
326,CASH_OUT,275948,C326586581,333471,180249,C983993176,517953,130775,1,0
115,TRANSFER,135250,C384161612,368773,447095,C493914829,778639,713537,0,0
169,TRANSFER,231549,C809129316,456524,64325,C682014641,272951,444540,1,0
661,PAYMENT,90797,C187174381,247481,336117,M983271755,339092,279566,0,0
344,DEBIT,116320,C268638768,69103,161938,C912593046,3052,628956,0,0
129,CASH_OUT,249595,C357553274,300763,153263,C144678958,641469,327535,1,0
143,TRANSFER,65531,C286630878,4922,37805,C916048218,498864,211588,0,0
56,PAYMENT,191930,C692697161,35169,304831,M871999153,490092,792736,0,0
233,TRANSFER,49256,C180600295,404888,456258,C573913756,89590,285556,0,0
321,CASH_OUT,189423,C268075622,242840,450357,C686642360,168393,497425,1,0
485,TRANSFER,115700,C102873038,312719,405737,C334657613,777203,72663,0,0
661,PAYMENT,38190,C538642403,470076,96008,M556506372,759987,302388,0,0
352,PAYMENT,37979,C583724666,257351,348904,M209968815,444049,398231,0,0
152,DEBIT,33561,C840206617,175746,140668,C890261845,220013,551646,0,1
685,CASH_OUT,33030,C737599912,57124,153144,C991281644,342925,181854,0,0
229,PAYMENT,118228,C604564682,117752,378710,M801874646,592879,126788,1,0
593,TRANSFER,102521,C412737284,257137,53546,C906751081,69306,487028,0,1
242,TRANSFER,46115,C135046782,455753,193823,C365785059,414248,526344,0,0
537,PAYMENT,14778,C348545713,298303,260705,M419662531,86755,756590,0,0
543,TRANSFER,239708,C409350265,91679,416663,C134607126,164334,152904,0,0
154,CASH_OUT,75218,C859088046,129789,334024,C582896428,639411,349301,0,0
279,DEBIT,79626,C403566540,395979,413450,C382195698,532046,792465,0,1
556,TRANSFER,158323,C854827139,99250,457519,C474281674,508928,449047,0,0
233,PAYMENT,58319,C587512424,342176,184811,M976955647,576469,591063,0,0
54,TRANSFER,109879,C176428684,8749,453638,C193397288,672010,687312,1,0
610,PAYMENT,103575,C838073939,253105,303867,M571447714,229333,345938,0,0
300,TRANSFER,262310,C350636897,441722,331301,C226042285,671162,673765,1,0
443,PAYMENT,161871,C384063364,34112,398455,M932828137,406339,641627,0,0
130,DEBIT,198460,C945923902,144352,205229,C971759086,334467,362710,0,0
21,TRANSFER,140419,C949595796,61394,69767,C354418892,690952,166033,0,0
284,DEBIT,1568,C771150922,307946,167848,C325354965,647408,645044,0,0
102,TRANSFER,116812,C733281747,271978,77088,C970485411,245620,524338,0,0
445,CASH_OUT,195929,C809939880,96651,279778,C892005907,110623,563385,0,0
131,DEBIT,37892,C963187150,105928,317620,C731278472,89788,773331,0,0
574,DEBIT,40963,C312406764,456537,30346,C839951555,580520,435564,0,0
576,TRANSFER,76390,C556489494,257416,337850,C476486996,213057,525895,1,0
537,DEBIT,54325,C223240112,338916,296751,C863166250,517926,217189,0,0
488,DEBIT,42774,C684719405,43209,201675,C755263618,222310,723130,0,0
524,PAYMENT,281829,C341387305,261602,453378,M779432289,84335,405413,0,0
242,CASH_OUT,115919,C795392488,418503,168157,C559740884,121246,701773,0,0
386,DEBIT,7742,C259976144,345805,311901,C278221407,604670,584770,0,0
192,DEBIT,268549,C385220694,333964,164512,C761587312,697845,77734,0,0
649,CASH_OUT,182325,C987588450,290604,21050,C249502403,328231,476356,1,0
640,CASH_OUT,100806,C252725050,238411,335287,C942725534,249863,374673,1,1
273,TRANSFER,212892,C176675731,241435,60110,C321856166,43021,303874,1,0
516,PAYMENT,81541,C164035859,374345,317192,M973521043,731670,66786,0,0
602,CASH_OUT,245114,C278158234,293297,134997,C322203053,567922,660531,1,0
533,CASH_OUT,119915,C951078441,450415,149014,C964835149,715661,787301,0,0
697,CASH_OUT,136419,C430295664,263246,158818,C163734988,209047,203161,0,0
227,DEBIT,160078,C738923667,392432,311311,C712112671,462403,324768,0,0
435,DEBIT,97724,C904187231,293257,168410,C476685251,264826,592328,0,0
504,DEBIT,66423,C985021282,276999,434844,C671532152,744314,398496,0,0
154,TRANSFER,122861,C711181411,286543,386868,C401812742,318249,22836,0,0
581,CASH_OUT,84246,C409893263,4695,335983,C740871060,722706,136974,0,0
27,DEBIT,5026,C571537429,222603,355887,C678498324,5004,24022,0,0
506,DEBIT,86326,C233523720,492232,159359,C280793819,564772,586360,0,0
538,PAYMENT,181826,C603260608,492545,189878,M447520416,143092,336837,0,0
153,PAYMENT,89342,C839462365,11319,157723,M855971970,778912,162246,0,0
230,CASH_OUT,22792,C426515425,313572,136817,C414214115,562773,601958,0,0
681,DEBIT,191544,C851333320,14429,246553,C410669201,554393,378888,0,0
5,PAYMENT,149029,C532190231,49297,20092,M714970148,233076,77001,0,0
563,DEBIT,155034,C392322121,430423,86984,C387057426,533119,666142,1,0
609,TRANSFER,95519,C637377910,428373,125534,C652348887,374557,317241,0,1
303,PAYMENT,9937,C679800791,246984,493689,M829392084,637475,139461,0,0
601,CASH_OUT,188744,C630208579,12834,297429,C975293837,538921,632020,0,0
209,TRANSFER,24800,C570040006,169446,111581,C202247242,307248,498905,0,0
137,DEBIT,211330,C186373782,475485,359418,C245587477,647861,82673,0,1
497,TRANSFER,297056,C742136977,210377,124726,C905407446,78591,130843,1,0
422,TRANSFER,91138,C142800191,42678,393522,C943629337,364833,461154,0,0
450,CASH_OUT,265472,C563887247,140302,218220,C541948074,418127,491567,1,0
631,CASH_OUT,267788,C888699799,284538,285578,C163657733,671915,756530,1,0
334,CASH_OUT,146359,C446090161,187805,321792,C397773877,562347,726829,0,0
373,DEBIT,270246,C748232591,304108,44512,C804263267,419614,750963,0,0
67,DEBIT,51237,C368830491,369556,425031,C236245128,485179,126794,0,0
513,PAYMENT,252942,C127772220,93135,242718,M853150998,278252,664729,0,0
418,DEBIT,108712,C198061499,44518,322019,C242475723,757131,358451,0,0
676,DEBIT,94208,C345805719,307143,398608,C368088898,164340,308771,0,0
505,DEBIT,43068,C824022357,436367,261757,C257027702,618173,681326,0,0
370,TRANSFER,161150,C997603725,136694,143452,C863854401,714618,397152,1,0
238,TRANSFER,7473,C717615339,309122,124444,C445848708,407609,766922,0,0
466,TRANSFER,153512,C730418447,100819,316015,C989575564,732942,310569,1,0
8,PAYMENT,21423,C122275263,127135,451813,M365809875,15115,271602,1,0
261,CASH_OUT,192476,C921155204,27328,220010,C917626034,334384,322726,0,0
163,CASH_OUT,215757,C821856853,216110,99855,C826101325,735101,120918,1,0
687,TRANSFER,156076,C981994345,415427,225956,C521659217,418401,281260,1,0
51,TRANSFER,227021,C389385259,213083,145512,C625552311,795016,598552,1,0
108,PAYMENT,35287,C718740490,415547,20505,M252655630,18510,507728,0,0
12,TRANSFER,191449,C143198431,223687,272673,C720005941,177375,715400,1,0
459,TRANSFER,103563,C919382051,471398,145931,C779036456,796075,594515,0,0
567,CASH_OUT,207326,C912037475,56494,183273,C388532840,390929,594936,0,0
99,DEBIT,70511,C288109614,56572,146511,C774108885,100647,356338,0,0
610,PAYMENT,43561,C605196410,178394,144905,M544770805,565198,652160,0,0
1,PAYMENT,278048,C657233178,205235,108611,M502838221,600243,353884,0,0
573,TRANSFER,190807,C799552991,457442,96359,C585322421,62497,572959,1,0
467,PAYMENT,162521,C574840200,483417,375665,M181084980,441920,696480,0,0
521,CASH_OUT,109421,C398668350,117408,200144,C780352629,587270,149712,0,0
481,DEBIT,171048,C294872482,261084,150853,C953193777,407878,407202,0,0
96,CASH_OUT,212703,C728492896,476215,55162,C925583165,445919,74319,1,0
641,TRANSFER,189707,C568027936,275119,56815,C199959766,684153,435869,1,0
490,TRANSFER,234100,C781594897,18807,97780,C532557724,278494,599865,0,0
300,DEBIT,274058,C974288855,373561,376606,C653635749,312946,288384,1,0
36,PAYMENT,12406,C627986559,151733,27843,M905094179,406122,639629,0,0
643,DEBIT,2562,C197970787,22606,72894,C398742558,265026,513271,0,0
183,TRANSFER,41946,C604669821,473426,104987,C845932321,380703,227894,0,0
269,DEBIT,22519,C473620340,423207,51921,C496287154,542618,191659,0,0
229,DEBIT,159232,C538460431,60645,358949,C588225728,600709,624078,0,0
501,TRANSFER,261979,C457887167,329782,223023,C624033772,712111,206123,1,0
57,DEBIT,52227,C444733679,208150,9470,C451424185,7933,664266,0,0
271,CASH_OUT,238089,C819550381,24142,288927,C724870012,529740,405890,0,0
574,PAYMENT,241184,C212313264,110494,301466,M102655449,658146,560910,0,0
108,CASH_OUT,204075,C272684373,178901,331529,C931221434,702124,428813,1,0
38,DEBIT,189267,C454123990,196787,335988,C886756432,676923,773317,0,0
544,TRANSFER,86773,C542000551,271484,352389,C200010094,558867,572005,0,0
376,PAYMENT,89131,C844826434,462176,221432,M884832186,306489,296247,0,1
210,CASH_OUT,130099,C632005813,85350,413391,C592256138,335014,136203,0,0
196,TRANSFER,265570,C409471503,29381,341926,C781654847,791699,674108,0,0
572,DEBIT,238002,C811443654,799,218031,C813118992,44845,404593,0,0
676,DEBIT,50113,C529982328,156390,109384,C848708337,373587,181161,0,0
689,PAYMENT,219322,C973559879,37067,390659,M484638726,518680,403439,0,0
264,PAYMENT,172617,C916580415,96748,99468,M168000803,165384,628937,0,0
422,CASH_OUT,248241,C690661740,389929,111174,C954352670,742476,167856,1,0
16,PAYMENT,215603,C139403247,272983,190326,M673833903,354820,48720,0,0
518,DEBIT,102652,C588365604,114560,480447,C527044165,724091,683690,0,1
251,TRANSFER,277610,C194553481,143684,307736,C333893106,759925,190690,1,0
401,DEBIT,229630,C437710224,454529,489946,C561325766,330657,177071,0,0
29,PAYMENT,99964,C371011200,94702,292157,M985673417,86388,296206,0,0
416,DEBIT,68307,C447112584,257808,113884,C327473778,460828,291840,0,0
629,CASH_OUT,94302,C224469868,197173,338092,C631196129,165261,458245,0,0
353,CASH_OUT,146792,C929517022,361858,429223,C388339233,743653,556552,0,0
51,CASH_OUT,170833,C533979662,42531,196523,C446673808,485119,305758,0,0
183,DEBIT,274648,C652543518,14677,434584,C989427187,454111,606743,1,0
261,DEBIT,230091,C985758835,341603,210005,C404505751,755640,664407,0,0
128,CASH_OUT,274435,C101235946,340354,62601,C462661837,23798,514004,1,0
619,PAYMENT,103963,C806157458,120385,484469,M687670209,740174,408153,0,0
596,CASH_OUT,36121,C682605435,418351,336239,C720551525,2928,742759,0,0
587,TRANSFER,227303,C596043327,208000,367720,C240224505,310495,262328,1,0
402,TRANSFER,2966,C543721204,445988,8381,C707890457,363584,533784,0,0
643,TRANSFER,234973,C158201193,69687,367353,C621127607,182075,153023,0,1
296,TRANSFER,289632,C301415220,314027,244688,C946434607,191239,207012,1,0
682,TRANSFER,179615,C656670062,238366,177505,C469087606,133703,446288,1,0
168,DEBIT,105786,C488457631,467543,300282,C832884547,668043,181532,0,0
10,DEBIT,13503,C768548027,299395,267104,C918464025,558227,38909,0,0
594,TRANSFER,69223,C912224654,393981,62040,C151979048,628705,277354,0,0
605,DEBIT,287460,C635252889,420088,488247,C149330844,246509,529075,0,0
293,DEBIT,211127,C771527524,366338,356362,C206917560,4959,120754,0,0
180,PAYMENT,255769,C574637858,299840,156270,M772355141,634839,476827,0,1
327,TRANSFER,159537,C916033628,84106,440325,C941695219,745936,188338,0,0
371,TRANSFER,52166,C155417727,230796,287153,C998402124,121139,103623,0,0
80,TRANSFER,283545,C318568997,75320,156546,C593472161,521435,409251,0,0
42,TRANSFER,252464,C386749454,437779,23880,C117481970,584087,295103,1,0
73,CASH_OUT,180488,C689720101,485077,71158,C233398648,37869,691445,1,0
225,DEBIT,117329,C240674381,207866,498758,C269633510,555209,332187,1,0
348,DEBIT,225830,C409268943,435703,372523,C573827182,780637,443604,0,0
638,PAYMENT,50813,C570423569,490576,231436,M590182620,204750,799362,0,1
369,CASH_OUT,214736,C849740261,139565,137116,C100725768,306932,679590,1,0
498,PAYMENT,12479,C620455331,14915,240740,M559346003,668646,30881,0,0
277,TRANSFER,83891,C230380269,445899,29714,C317237515,437744,729714,0,0
654,CASH_OUT,192558,C130998324,434368,302353,C839369897,593167,356611,1,0
589,PAYMENT,134663,C776481264,11600,415941,M241640592,286552,52832,0,0
313,CASH_OUT,154941,C753770973,414789,349060,C797929178,407522,674199,1,0
203,PAYMENT,134685,C958256589,393900,352954,M424125621,677055,616839,0,0
190,CASH_OUT,41877,C356943695,306020,279965,C270700744,216897,290714,0,0
81,CASH_OUT,37134,C862123506,159277,327597,C394226159,314626,505950,0,0
324,DEBIT,120594,C270057261,402641,328721,C200223044,3889,262181,0,0
165,DEBIT,158577,C433665422,117341,372884,C802858478,617231,403522,1,0
99,DEBIT,134166,C691458887,499964,91865,C487014547,89460,192268,0,0
646,CASH_OUT,244844,C114682844,60261,11826,C368853440,708287,517086,0,0
118,CASH_OUT,194649,C692975437,441168,29882,C188498371,138783,644240,1,0
378,TRANSFER,136768,C538076670,238515,282187,C499264207,317006,292428,0,0
403,TRANSFER,265408,C200082623,89299,137098,C813510897,161686,59919,0,0
285,TRANSFER,9826,C341270488,498117,46766,C796763109,569071,698851,0,0
270,DEBIT,242699,C221827951,52726,390400,C277731206,727333,257476,0,0
279,CASH_OUT,246571,C595475899,129941,292248,C155606161,314771,319464,1,0
281,PAYMENT,217133,C226128312,443833,188874,M525568516,397530,79552,0,0
498,PAYMENT,269679,C795472980,303760,184286,M771737478,55046,320883,0,0
328,DEBIT,216697,C993506934,295657,455911,C428038048,51798,162187,0,0
443,PAYMENT,209984,C265325235,331763,420586,M879524067,588085,15064,0,0
208,DEBIT,191858,C635126623,279302,316842,C851019450,492665,759103,0,1
44,TRANSFER,265964,C869446962,381448,68147,C910924352,81748,320217,1,0
143,TRANSFER,50487,C413383963,25103,96707,C351410032,691099,665307,1,0
217,DEBIT,172746,C646397165,181033,151606,C560883210,646484,143492,0,0
395,TRANSFER,57904,C857429971,15185,264068,C803821904,520410,24406,0,0
196,TRANSFER,164504,C393587744,461442,169587,C197924383,561143,75675,1,0
492,PAYMENT,193071,C546129354,56747,25595,M855590022,208467,289965,1,0
223,TRANSFER,149272,C996278008,65908,255416,C202202698,55916,217815,0,0
426,DEBIT,144715,C618079974,212153,238292,C101166414,2024,328019,0,0
311,PAYMENT,154162,C607042130,226952,186168,M329159242,215196,314221,0,0
468,TRANSFER,238285,C361704064,207167,162818,C611967311,642531,75561,1,0
193,PAYMENT,45741,C590470737,358332,220859,M183686071,271380,769680,0,0
137,PAYMENT,99794,C691916368,431231,460725,M242485313,473875,273298,0,0
391,CASH_OUT,107879,C255308128,479456,352868,C737458510,119374,511801,0,0
369,DEBIT,251939,C511872350,52243,1950,C342870588,456979,331336,0,0
371,DEBIT,145798,C304666325,170491,322836,C657749020,94791,414452,0,0
340,DEBIT,192756,C743576792,187063,484600,C830125895,197241,483843,0,0
482,DEBIT,51460,C645719501,461328,410992,C577886922,475197,291836,0,0
425,TRANSFER,63312,C901325519,72833,272555,C109971784,171955,218480,0,0
203,DEBIT,144478,C246574716,153995,290669,C108657116,89244,280199,0,0
572,CASH_OUT,159001,C174958005,167022,221815,C846891707,588577,424020,1,0
273,TRANSFER,219076,C396618390,490228,459482,C468909933,273485,340135,1,0
519,DEBIT,253824,C929653607,453074,300889,C977364141,332643,147215,0,0
515,CASH_OUT,163635,C948262678,388550,77338,C229486590,81551,756701,1,0
523,DEBIT,299445,C545541033,367482,411893,C553456129,536932,247943,0,0
517,DEBIT,34509,C464938258,275890,459770,C845210115,381688,653689,0,0
47,TRANSFER,87680,C945805127,486884,66896,C241921987,728468,785139,0,0
289,CASH_OUT,9715,C645179180,435583,228208,C612926731,294819,339899,0,0
530,TRANSFER,296794,C386874458,19159,98580,C176051319,200671,352624,0,0
462,CASH_OUT,273200,C981058292,410675,332611,C345829826,289884,790144,1,0
662,TRANSFER,277023,C102754426,354296,299738,C511318205,669732,487702,1,0
292,PAYMENT,291330,C403696046,330439,285626,M195918514,744809,295385,0,0
607,PAYMENT,137363,C879591310,403185,31589,M884651200,470328,632407,0,0
670,PAYMENT,23648,C420571903,484427,347901,M965389567,781627,376430,0,0
232,CASH_OUT,185641,C999232921,304866,283590,C209980341,446850,268520,1,0
342,DEBIT,252812,C730219579,8625,189016,C210811807,95057,131241,0,0
92,TRANSFER,420,C722687986,117265,80522,C436458586,220084,115827,0,0
511,TRANSFER,246431,C808605988,87154,402282,C494666352,780343,517255,0,0
401,DEBIT,77460,C625747313,246848,26325,C421322967,701486,650831,0,0
28,PAYMENT,292541,C259553112,368709,130251,M247241457,663610,644158,1,0
645,TRANSFER,118642,C579476614,243876,80738,C510943598,308094,522349,0,0
39,PAYMENT,169457,C678296492,221140,216854,M930496866,305525,110282,0,0
253,PAYMENT,103944,C620057604,116603,495238,M973347156,678810,471677,0,0
581,PAYMENT,240446,C470574014,61160,275877,M908697030,277941,179194,0,0
512,TRANSFER,166505,C456954682,250272,54766,C242964672,214117,378976,1,0
38,PAYMENT,53411,C692616814,301033,240904,M788887139,226833,58326,0,0
130,DEBIT,235213,C919128302,394283,290667,C827070406,541889,460777,0,0
12,TRANSFER,224799,C683503591,74723,377207,C253387313,495521,119558,0,0
341,TRANSFER,82967,C505026213,318505,68247,C173456403,152018,423030,0,0
426,DEBIT,37593,C588922557,48591,267223,C669628927,467099,43130,0,0
336,TRANSFER,217016,C445505799,399749,10360,C704829337,60611,192206,1,0
554,TRANSFER,39355,C302563940,410568,216085,C109099680,365863,610354,0,0
395,DEBIT,248103,C848933239,225074,457291,C755325292,78743,720270,0,0
468,CASH_OUT,58855,C356415500,111023,51574,C797953888,377389,433073,0,0
251,DEBIT,19256,C713963047,261878,487039,C276218805,217885,108745,0,0
539,CASH_OUT,290986,C511211819,410506,340191,C572553155,479274,220979,1,0
268,DEBIT,53318,C350785761,141553,151967,C477084942,607553,412639,0,0
370,CASH_OUT,55601,C932734539,358062,370480,C875705487,248577,217544,0,0
167,DEBIT,205480,C541066404,142108,438536,C328766544,394289,462122,0,0
153,DEBIT,49799,C146865930,89110,469054,C774395804,243761,366357,0,0
427,CASH_OUT,132036,C441639230,430282,389760,C903447550,584819,28887,0,0
6,CASH_OUT,615,C899621068,403188,457141,C262536735,48929,435078,0,0
188,DEBIT,173788,C607854378,129188,58541,C542070132,662582,590301,0,0
104,PAYMENT,135858,C857232668,82212,497712,M761506578,521817,318477,0,0
410,TRANSFER,229436,C971243675,45784,366042,C837194815,380815,573624,0,0
455,TRANSFER,41369,C509343829,224749,112789,C575006056,547685,172022,0,0
119,CASH_OUT,138366,C514548900,308854,490251,C333264702,60263,193074,1,0
683,CASH_OUT,246203,C812630453,470430,489007,C193080561,728927,456297,1,1
215,CASH_OUT,152371,C950826208,70793,329653,C207873599,477508,458715,0,0
89,PAYMENT,36661,C981270974,402075,5914,M250337960,140688,157306,0,0
214,TRANSFER,29432,C800100071,325499,435413,C907932366,737902,307732,0,0
393,TRANSFER,72882,C263321843,436770,7274,C232239057,94176,174823,0,0
393,PAYMENT,188828,C631855083,481127,421973,M733050169,229303,320404,0,0
420,PAYMENT,1637,C139749508,420873,55152,M883841357,86120,333175,0,0
320,CASH_OUT,107438,C235555899,92508,269284,C512351122,533676,22030,0,0
339,TRANSFER,164091,C639331014,195929,473362,C477458516,693649,286459,1,0
156,CASH_OUT,123084,C733701411,51690,241443,C561052655,22205,146149,0,0
648,CASH_OUT,239450,C456476596,213299,58031,C437695739,794203,187213,1,0
132,PAYMENT,68422,C207765664,123980,218115,M949412096,539870,3436,0,0
15,TRANSFER,21738,C572775194,474768,349760,C250141520,185846,750506,0,0
69,PAYMENT,79367,C207064620,478409,305059,M366058599,762072,117782,0,0
318,TRANSFER,110589,C664735673,130697,64450,C397391755,647801,729490,0,0
262,PAYMENT,158199,C590622789,308872,395135,M792156071,172922,705479,0,0
7,TRANSFER,227793,C116479358,320037,351444,C190461372,706167,82604,1,0
130,TRANSFER,50855,C875718152,289151,412610,C366467312,56690,273072,0,0
268,CASH_OUT,147876,C254785699,368664,421172,C694205108,700066,118105,0,0
573,DEBIT,160114,C540211187,188392,67438,C745317824,368225,687831,0,0
463,DEBIT,120075,C803066091,155384,355431,C744253537,67804,137719,0,0
349,PAYMENT,94633,C265744099,156926,446439,M874360740,380445,523048,0,0
278,DEBIT,250706,C180346223,217220,288453,C752398123,528742,680388,0,0
135,TRANSFER,285171,C604111692,331080,455353,C405931388,691572,594621,1,0
517,TRANSFER,228992,C939156387,401049,484046,C936412291,491599,417939,1,0
634,CASH_OUT,107141,C384566044,175505,71326,C841393046,759129,444246,0,1
272,DEBIT,25839,C463527356,1789,334934,C128802482,607493,612363,0,0
405,CASH_OUT,203241,C769219685,399130,310725,C806957378,533885,530413,1,0
266,PAYMENT,20145,C843785903,261413,44498,M423893509,168902,279677,0,0
526,TRANSFER,95219,C526794469,325834,262390,C320595661,605018,400235,0,0
634,PAYMENT,118943,C797756796,354464,250309,M655928892,255315,87367,0,0
342,CASH_OUT,138000,C186237917,35825,256017,C751682766,183148,518982,0,0
95,CASH_OUT,296403,C452794611,106748,433855,C647095694,50547,48503,1,0
605,DEBIT,148278,C824085842,488121,18170,C302557660,456356,492089,1,1
360,TRANSFER,95435,C672972597,392776,116770,C902990996,535852,726295,0,0
377,CASH_OUT,15216,C508031980,236974,264237,C520639451,124698,406051,0,0
575,TRANSFER,142967,C440012324,475359,369355,C417335858,578668,364699,0,1
318,CASH_OUT,227469,C773020489,415882,25816,C793819512,97555,268092,1,0
21,CASH_OUT,24602,C871716956,144938,127309,C158593156,439705,95619,0,0
127,PAYMENT,239555,C915401487,328345,497981,M941600554,400327,727402,0,0
500,CASH_OUT,109431,C623929617,37656,214020,C952312670,37355,465462,0,0
399,CASH_OUT,206817,C680911523,112148,458624,C356990522,576231,466869,1,0
676,TRANSFER,232782,C138546365,492057,374054,C631381642,725299,157044,1,0
250,TRANSFER,214088,C762992051,239689,92554,C514341484,160094,400376,1,0
484,PAYMENT,46221,C173466219,297345,158731,M221057584,773202,707717,0,0
106,DEBIT,48884,C352082631,117827,113831,C358859561,217291,606070,0,0
3,DEBIT,125965,C777703980,396017,189787,C636422667,677900,297399,0,0
638,TRANSFER,268216,C834868441,338264,290431,C785135687,383898,709641,1,0
163,CASH_OUT,258193,C408570854,90715,453116,C737727239,145109,559373,0,0
686,TRANSFER,207388,C344261532,279100,332793,C176248559,602878,154946,1,0
521,CASH_OUT,222920,C901834280,220566,465882,C667243311,395924,752648,1,0
302,CASH_OUT,95068,C197044071,279916,35198,C112956853,349207,29424,0,0
696,CASH_OUT,50568,C565973314,356930,482898,C487726245,706165,789575,0,0
644,TRANSFER,56854,C205702499,263456,184750,C439809925,170458,454887,0,0
462,CASH_OUT,34931,C916440738,23572,267589,C241715543,732228,308293,0,0
363,PAYMENT,288899,C780481547,186023,115018,M515364404,337088,572735,0,0
544,DEBIT,283917,C855797020,421655,368427,C710293796,551374,610994,0,0
226,CASH_OUT,46333,C207918827,199847,346407,C551898779,431413,434417,0,0
216,CASH_OUT,166380,C576396216,31533,401392,C492358645,288581,727729,0,0
99,DEBIT,463,C278632824,112143,441433,C686645526,632822,359838,0,0
65,CASH_OUT,224540,C845178074,409898,58105,C833303441,38886,548683,1,0
647,DEBIT,17084,C421549249,356440,337109,C285510711,420515,17839,0,0
18,TRANSFER,44431,C131081879,85501,45510,C918970742,586056,542659,0,0
21,DEBIT,221539,C149382425,43013,17198,C605748101,25301,364494,1,0
183,CASH_OUT,294561,C448294647,273672,258852,C927175323,714622,97556,1,0
399,TRANSFER,231508,C954852540,167403,17101,C178374393,669615,733354,1,0
209,CASH_OUT,4651,C160257560,437574,179559,C117920106,141868,280356,0,0
689,TRANSFER,43166,C415001254,166239,341090,C730676755,199041,333296,0,0
24,CASH_OUT,254143,C484897084,187840,168461,C172512549,631540,528222,1,0
363,CASH_OUT,131927,C502482554,169169,33370,C114810579,627901,321827,0,0
554,PAYMENT,98027,C562446417,392765,153868,M381519299,392508,482233,0,0
504,TRANSFER,35963,C256304376,206659,309091,C331652222,700461,396605,0,0
613,CASH_OUT,288863,C362204999,138518,327313,C142763764,617300,120424,1,0
113,TRANSFER,145557,C670335494,317388,465514,C164927936,364692,626816,0,0
474,PAYMENT,291079,C542437192,326944,69812,M947493681,3212,331355,0,0
548,TRANSFER,102880,C707660630,290507,214340,C527322429,603810,443881,0,0
288,PAYMENT,155163,C832077572,189400,144526,M643968992,328085,470471,0,0
168,TRANSFER,242362,C950961305,350002,479490,C407613928,639544,17412,1,0
257,DEBIT,111925,C293334613,222426,284243,C774922644,505533,51986,0,0
687,DEBIT,286173,C282518553,308363,60520,C865179645,262968,658425,0,0
588,CASH_OUT,19873,C287979290,231110,243722,C637997228,143949,664407,0,0
22,CASH_OUT,85574,C184791618,133964,168050,C923678093,604065,135513,0,0
291,CASH_OUT,235802,C754436820,49832,273388,C546066704,796966,497303,0,0
689,CASH_OUT,41215,C510753814,476818,72534,C554810443,799235,129774,0,1
585,CASH_OUT,258221,C765408938,476040,222787,C853563434,54795,538908,1,0
477,TRANSFER,159584,C833510170,144811,12809,C531942087,591759,635433,1,0
130,DEBIT,56733,C358589021,66188,9004,C188506190,476015,150595,0,1
567,PAYMENT,111676,C634366139,476872,437680,M787771674,764705,241452,0,0
108,DEBIT,47699,C726160204,418333,404494,C676132087,730548,758339,0,0
628,CASH_OUT,230283,C253671484,236981,14925,C677303044,602960,446732,1,0
537,CASH_OUT,51372,C349310440,232366,39328,C761475488,134962,256492,0,0
154,TRANSFER,256108,C595155950,253516,435986,C263939376,443333,154731,1,0
412,CASH_OUT,87553,C784944881,227650,175717,C397928718,293805,118833,0,0
220,DEBIT,238757,C372706093,409142,415874,C189761677,743987,527703,0,1
485,CASH_OUT,213086,C593460064,12780,42923,C432759989,16575,539519,0,0
134,DEBIT,192988,C374154962,142832,54691,C184848753,229602,23814,0,0
660,DEBIT,131125,C816014770,14123,464702,C649009234,252061,345712,0,0
178,PAYMENT,298551,C110090412,282745,433292,M318181642,757902,210913,0,0
149,TRANSFER,49868,C963968184,146731,54645,C967647911,568728,390909,0,0
402,TRANSFER,11149,C599561877,284764,221281,C266834924,395507,270896,0,1
230,CASH_OUT,207470,C408842146,20369,205538,C675944565,56879,644919,0,0
477,DEBIT,177068,C827579147,26442,334154,C450845460,487801,100960,0,0
440,PAYMENT,227005,C686905284,392300,246300,M519544755,470917,328380,0,0
443,CASH_OUT,91973,C269625036,344953,463026,C729682105,473267,695269,0,0
163,TRANSFER,90154,C179308612,377544,243942,C781068259,412230,570638,0,0
450,DEBIT,237990,C574303740,444475,259013,C919505668,450953,24935,0,0
506,CASH_OUT,168835,C471048258,402932,298931,C996065974,25968,513264,1,0
557,TRANSFER,51582,C730900313,295515,200903,C797759882,95220,307475,0,0
517,DEBIT,268767,C421214426,139152,64033,C831277972,87725,665468,0,0
173,PAYMENT,10392,C786055206,298021,87340,M790581965,170491,155304,1,0
35,CASH_OUT,141549,C555598254,378226,161637,C170990535,715995,6834,0,0
3,PAYMENT,21498,C841218491,98843,299355,M433041955,91788,54918,0,0
374,CASH_OUT,127201,C368540924,157088,262063,C850197517,694793,797147,0,0
450,TRANSFER,263458,C590523712,7025,61742,C569747059,113436,401252,0,0
696,CASH_OUT,297224,C424400672,16304,124078,C883786839,201457,65231,0,0
497,DEBIT,236461,C313907621,135174,15739,C356234948,399122,509740,0,0
206,DEBIT,63984,C513061224,353351,362816,C162176039,98980,598422,0,0
509,DEBIT,232134,C618840705,241504,252299,C362508142,453962,708854,0,0
141,TRANSFER,221035,C214518079,444936,245256,C192570281,14407,547108,1,0
346,CASH_OUT,125097,C354697684,464761,49810,C566523205,419814,161545,0,0
453,DEBIT,207046,C509486794,310511,468163,C224539647,236139,32556,0,0
196,TRANSFER,266286,C714097318,174469,8720,C586804311,468968,534951,1,0
578,TRANSFER,167996,C485429460,309222,290690,C757448675,381965,414364,1,0
454,TRANSFER,207483,C717199615,155146,491444,C753728820,417983,733349,1,0
207,TRANSFER,124377,C417690559,54555,15748,C159086532,643955,740233,0,0
101,CASH_OUT,247213,C850845198,69519,164361,C432097676,630381,422994,0,0
37,DEBIT,27402,C417001612,279301,177696,C815197502,252990,429387,0,0
654,DEBIT,295203,C123557463,374598,350959,C896387342,560948,77400,0,0
25,TRANSFER,216879,C991246046,350697,102652,C806578337,729422,576702,1,0
188,DEBIT,105415,C806768884,61264,231572,C895275666,667554,543961,0,0
378,PAYMENT,76496,C524993183,485654,333110,M288598352,242821,684550,0,0
676,DEBIT,286774,C394721069,242431,57888,C228250953,495873,45957,1,0
553,PAYMENT,123877,C108695125,261401,49116,M113598909,339112,225253,0,0
133,PAYMENT,86226,C707661655,70199,369999,M860102491,785313,687846,0,0
381,TRANSFER,263785,C836371599,226494,230487,C247330045,665582,300206,1,0
617,DEBIT,159862,C935705734,229354,456610,C853229478,643107,493938,0,0
686,PAYMENT,12979,C899582079,33359,480699,M112187618,178417,117954,1,0
29,TRANSFER,118786,C152660856,367619,187964,C275913951,524252,423751,0,0
578,CASH_OUT,61654,C751124015,430246,56238,C633019326,300767,499127,0,0
40,DEBIT,104086,C900122509,27213,420125,C472271797,541465,294542,0,0
616,DEBIT,182547,C633356861,9304,325259,C661572729,222873,112808,0,0
590,TRANSFER,14116,C994253959,342059,107157,C655363795,85834,751580,0,0
578,PAYMENT,151053,C407298630,34743,197745,M940725996,236591,209820,0,0
46,PAYMENT,133601,C932945529,266755,460655,M983160026,396608,189243,0,0
373,CASH_OUT,250794,C957769526,196604,23382,C873916084,660319,468084,1,0
645,CASH_OUT,71905,C347087743,454923,20448,C378364310,309454,565438,0,0
499,DEBIT,59338,C751831074,447185,150004,C279275105,58249,535452,0,0
206,DEBIT,233478,C961067882,234824,21101,C499291766,130577,278169,0,0
466,DEBIT,129629,C478301747,102395,482360,C236290703,41721,40503,0,0
175,CASH_OUT,126557,C335154329,379056,376564,C905066256,18394,39427,0,0
550,CASH_OUT,132301,C783563240,103602,125607,C938725480,61086,13944,0,0
190,CASH_OUT,38446,C304152670,499752,103591,C388583671,581243,629735,0,0
60,TRANSFER,113868,C766676815,131436,110771,C886983862,400717,11957,0,0
264,CASH_OUT,114556,C369108475,61293,498149,C226762436,510241,717103,0,0
170,TRANSFER,82766,C827744047,369153,456526,C928316966,180557,356961,0,1
259,CASH_OUT,42698,C911294971,208542,363727,C131521039,660709,401345,0,0
217,CASH_OUT,107549,C874090950,465134,280083,C459715348,237626,223283,0,0
601,TRANSFER,26370,C924065468,70799,320878,C966625455,257288,786427,0,0
504,PAYMENT,223168,C807790785,184087,120360,M560983746,18226,690170,0,0
699,TRANSFER,148559,C831062591,237777,457201,C392036942,558088,76067,0,0
512,DEBIT,268608,C246865585,207374,356559,C662484182,63471,232033,0,0
673,CASH_OUT,133065,C774576271,183744,33525,C168582026,465705,543863,0,0
502,PAYMENT,119975,C204328975,426941,175024,M382340033,59332,627838,0,0
344,CASH_OUT,201898,C773728014,495054,66446,C864851260,393781,46073,1,0
271,DEBIT,254588,C794002948,227967,372598,C719175016,506733,393327,0,0
74,PAYMENT,291175,C142329671,142321,295182,M773808249,727513,770497,0,1
505,PAYMENT,190961,C431714152,230849,57153,M182753316,567152,18077,0,0
607,CASH_OUT,83893,C946764061,480891,282346,C632734398,423359,392888,0,0
30,CASH_OUT,262272,C573330302,126812,181980,C588764892,113123,771829,1,0
143,DEBIT,98373,C135824891,37743,365052,C648447868,417011,86366,0,0
441,PAYMENT,213714,C722312633,261677,302725,M486680089,20557,395380,0,0
208,CASH_OUT,39269,C491766764,414384,298307,C159527291,46870,539442,0,0
400,TRANSFER,89412,C886365312,234622,301167,C636452156,290320,310546,0,0
21,TRANSFER,249817,C241102355,268227,450219,C708689346,427310,556888,1,0
243,TRANSFER,165350,C196779973,358780,4646,C279187532,85687,239343,1,0
673,PAYMENT,79311,C416872439,213869,330724,M494801749,614361,422618,0,0
374,PAYMENT,222733,C450811990,344937,441916,M268910304,470897,76757,0,0
83,TRANSFER,78958,C902601465,219739,35326,C373928805,23404,125172,0,0
473,PAYMENT,297983,C546143048,436149,329205,M930355646,253856,625244,0,0
679,CASH_OUT,39439,C288592093,173917,86153,C210493305,542671,581755,0,0
475,PAYMENT,174288,C315601773,197008,272743,M716233644,298964,576380,0,0
611,PAYMENT,83129,C241905500,226022,308166,M823831302,279860,480306,0,1
283,TRANSFER,227755,C944511703,234745,21292,C876077372,493515,56625,1,0
467,PAYMENT,191912,C679184667,53251,264603,M223838514,420091,52494,0,0
220,CASH_OUT,75461,C492836532,392002,473484,C345247378,456395,345282,0,0
571,CASH_OUT,58482,C669998399,375705,448137,C895406424,85186,193953,0,0
407,TRANSFER,23764,C638798023,22414,427345,C646346564,91291,737667,0,0
636,DEBIT,80871,C392624015,452352,304893,C102757916,481294,681675,0,0
562,DEBIT,278776,C991713190,485260,58150,C147285340,633350,57755,0,0
144,CASH_OUT,161181,C276678230,305745,75582,C113194223,688722,272976,1,0
659,DEBIT,110268,C375919523,493219,21711,C362585121,43923,632465,0,0
455,CASH_OUT,56496,C985503942,397625,496673,C149372289,492646,67173,0,0
604,DEBIT,198867,C617380166,455925,494509,C606553372,653761,636480,0,0
250,TRANSFER,53151,C965960427,208472,7887,C490816787,440187,765167,0,0
283,DEBIT,80252,C416905717,367968,290595,C511221078,314041,742547,0,0
482,DEBIT,69193,C901611993,17824,212376,C261152186,248595,628021,0,0
315,PAYMENT,65856,C463692735,25368,297197,M292157835,50272,195552,0,0
666,CASH_OUT,27050,C963538119,372448,343275,C137971349,503575,456770,0,0
440,CASH_OUT,282903,C223662532,309878,136746,C693634042,446605,97275,1,0
41,TRANSFER,134465,C602866993,70765,62583,C962338680,271984,321059,0,0
664,CASH_OUT,218406,C180852074,111030,103565,C866673993,359500,412707,1,0
1,PAYMENT,159888,C251136695,205993,93708,M895283876,300646,451182,0,0
83,PAYMENT,100799,C909763993,435132,167720,M804056048,181136,680243,0,0
245,PAYMENT,258767,C342251928,325438,300572,M550294365,173285,537706,0,0
183,TRANSFER,219706,C826197069,350041,161386,C341071485,730074,238408,1,0
229,DEBIT,97306,C877621770,325145,72219,C445532283,126228,351314,0,0
121,CASH_OUT,190815,C824138175,200940,43147,C366570563,629957,318461,1,0
92,TRANSFER,239754,C526717340,154468,98035,C546952114,417876,201958,1,0
683,CASH_OUT,56117,C963919401,386006,334937,C873403266,1532,199933,0,0
191,DEBIT,286844,C698409868,264159,271176,C443527737,21797,731874,0,0
17,PAYMENT,180636,C492747974,288516,397997,M391261014,307682,149273,0,0
176,TRANSFER,98164,C196961971,169746,497705,C986907524,397694,442985,0,0
517,CASH_OUT,263981,C948988297,93608,246590,C183630600,619185,406516,1,0
672,PAYMENT,59650,C523671208,277834,219678,M713682070,605599,720799,0,0
5,DEBIT,245377,C114945047,83990,320739,C500299721,797399,468897,0,0
65,TRANSFER,77195,C383960237,81371,483248,C228205773,129576,555737,0,0
264,CASH_OUT,158197,C676140134,148395,23446,C639062353,467508,358720,1,0
524,PAYMENT,63979,C232702394,360704,286384,M822977979,148306,348899,0,0
693,TRANSFER,236924,C588322781,261674,367847,C156556289,280371,698408,1,0
182,CASH_OUT,288556,C495765839,314444,337232,C292569534,530696,51712,1,0
113,PAYMENT,164941,C822443971,337530,87273,M339643129,605507,347455,0,0
58,DEBIT,22590,C904245086,77514,217986,C963651372,449181,34593,0,0
676,TRANSFER,5736,C821920438,309924,181844,C653808250,92643,743631,0,0
162,PAYMENT,194046,C381493671,283473,255540,M149315449,132335,539871,0,0
349,TRANSFER,204703,C727666622,87502,55781,C530489781,580420,793091,0,0
397,DEBIT,246401,C509123009,115377,143279,C174009197,628556,65470,0,0
196,DEBIT,89502,C983063850,462326,335742,C599391065,40449,420476,0,0
451,PAYMENT,31828,C785637052,197472,19340,M403124688,95287,56790,0,0
251,PAYMENT,271289,C498866784,249720,349033,M930568802,503528,586613,0,0
330,DEBIT,298354,C216335741,229484,175403,C433609196,467453,632551,0,0
620,TRANSFER,33883,C824600232,416740,302788,C451436694,690807,573744,0,0
402,PAYMENT,206655,C351064359,255564,214772,M192755745,75976,209957,0,0
410,DEBIT,7633,C606244434,90410,246514,C693877361,120283,415732,0,0
36,PAYMENT,183722,C126870011,432925,71240,M590427473,675371,567476,0,0
384,DEBIT,159098,C765233376,363157,6021,C108556837,321961,185915,0,0
253,CASH_OUT,142103,C702806585,488484,82970,C496124146,311493,430754,0,0
648,TRANSFER,91009,C452194058,146826,137980,C315469014,561032,383545,0,0
217,CASH_OUT,255330,C755070775,340611,144013,C413097844,532191,478921,1,0
1,CASH_OUT,77046,C337691219,163347,137405,C705382875,394655,166234,0,0
573,DEBIT,271120,C795411453,76675,15487,C942358213,429059,527339,0,0
349,CASH_OUT,291719,C167878777,78097,281298,C426320130,622186,653980,0,0
390,CASH_OUT,91421,C782259766,323751,87695,C894113665,581253,637402,0,0
654,CASH_OUT,66717,C984607950,476377,479871,C768637849,37403,667482,0,0
485,DEBIT,5468,C598503464,290218,450472,C360472583,244497,76126,0,0
494,TRANSFER,117274,C852775879,431247,67546,C598137488,384412,448381,0,0
505,DEBIT,248199,C424474225,367029,118171,C495430792,30924,683195,0,0
280,PAYMENT,88402,C797115550,40524,278203,M735323297,72847,154779,0,0
570,PAYMENT,15316,C538404342,163522,88952,M629741991,125407,382784,0,0
457,PAYMENT,260629,C225279834,151328,15419,M929587172,138923,248053,0,0
244,CASH_OUT,163047,C250084428,336639,348405,C933101205,555639,9145,1,0
428,CASH_OUT,40733,C148690765,454725,228625,C309833231,733902,290299,0,1
163,CASH_OUT,229116,C139956218,382869,102903,C886476517,713934,527527,1,0
511,DEBIT,87693,C426808977,370,36,C686863518,537953,358315,0,0
118,DEBIT,38285,C628951656,260115,61748,C916561565,128145,498477,0,0
533,PAYMENT,49211,C224683417,300706,66151,M954670083,795712,605109,0,0
229,DEBIT,202378,C204359116,120533,230259,C363202977,597640,778539,0,0
469,PAYMENT,286050,C352114611,31541,281315,M261669421,706902,651201,0,0
363,DEBIT,23877,C677186272,446476,248342,C106848195,353142,173453,0,1
43,TRANSFER,43990,C245668163,472517,494087,C540272920,592642,127897,0,0
37,PAYMENT,199371,C517305280,150616,156629,M125673445,455519,292867,0,0
289,PAYMENT,119424,C587096273,181762,24102,M350179421,287588,40285,0,0
75,TRANSFER,230981,C498370582,106601,221370,C681479730,679706,264946,1,0
223,TRANSFER,72784,C819929088,388464,174942,C471969615,512164,158352,0,0
672,PAYMENT,153957,C897940629,234748,181026,M782837348,661944,448052,0,0
396,TRANSFER,104227,C847843987,339260,81015,C844597866,286420,565109,0,0
654,DEBIT,139781,C680027275,362470,406496,C110302352,78229,51524,0,0
596,CASH_OUT,227729,C550033924,453312,69072,C459722166,107772,637677,1,0
574,CASH_OUT,152572,C730651895,180680,194760,C101569849,739145,289400,1,0
395,PAYMENT,23431,C897005281,453396,241121,M914893975,366056,513463,0,1
436,DEBIT,89460,C880179899,151043,233451,C805774632,229164,87007,0,0
601,CASH_OUT,80774,C265917699,340014,428906,C504022022,531992,664276,0,0
181,DEBIT,3221,C545478870,158635,25395,C892510222,738027,644938,0,0
439,PAYMENT,134894,C803217037,441737,312254,M880841206,759860,24956,0,0
460,DEBIT,268056,C206323670,304647,101422,C430187039,176682,421972,0,0
495,DEBIT,205927,C995171130,380643,55786,C211614410,320098,332703,0,0
345,TRANSFER,258889,C625432379,465228,191012,C320325776,90197,313142,1,0
58,PAYMENT,2865,C761051532,481809,467119,M668883968,329314,788419,1,0
335,DEBIT,26038,C538211092,11009,455358,C355730504,17184,65206,0,0
561,CASH_OUT,172029,C400368694,497393,429865,C550773824,348125,622642,1,0
236,PAYMENT,208986,C135128844,226971,72723,M628311983,632909,75503,0,0
562,DEBIT,70346,C841183219,136611,241942,C164311845,734784,558310,0,0
73,PAYMENT,145917,C497853519,95057,63083,M252872361,137901,184492,0,0
363,DEBIT,299669,C333291547,146320,60204,C864131026,571952,789106,0,0
85,CASH_OUT,12567,C576078963,31568,415701,C400460098,432525,430715,0,0
625,PAYMENT,195658,C577488537,12336,348737,M199886596,413870,276463,0,1
429,DEBIT,282246,C353524015,66433,145921,C147137549,194202,317319,0,0
126,DEBIT,79536,C489431174,100474,307357,C348541776,776934,137022,0,0
675,TRANSFER,43718,C206681214,55823,269692,C658087211,243825,337044,0,0
332,CASH_OUT,170924,C836243579,464710,203485,C543516366,282902,190701,1,0
70,CASH_OUT,30561,C494422907,3770,472694,C852528635,452834,236830,0,0
359,CASH_OUT,96243,C684615760,124693,83184,C499960213,663613,481946,0,0
41,CASH_OUT,128752,C792377512,139143,67945,C592265554,99599,601461,0,0
270,PAYMENT,130293,C485123110,374857,466572,M903050869,604146,49875,0,0
114,DEBIT,162796,C165015165,187167,210084,C191163279,640537,13149,0,0
120,DEBIT,97559,C527499187,254664,341377,C723597716,620514,559834,0,0
364,PAYMENT,184635,C396225446,324646,326958,M202625025,492049,175918,0,0
263,CASH_OUT,193687,C303805386,240201,56440,C642698931,128305,770157,1,0
515,DEBIT,121325,C231167999,342864,276600,C243359401,395462,554055,0,0
334,TRANSFER,212304,C984968439,150594,58499,C784205125,319349,58650,1,0
161,PAYMENT,11926,C588249062,166866,486625,M980428452,370283,544481,0,0
67,PAYMENT,231476,C198433586,408366,149112,M523431477,567044,520724,0,1
92,DEBIT,239747,C811642514,224691,122537,C180348617,345564,70687,0,0
209,TRANSFER,281401,C327746886,279309,331589,C735543236,649086,66778,1,0
308,DEBIT,98807,C789024924,292926,301951,C709692870,256094,601025,0,0
195,TRANSFER,115757,C786650291,211979,135009,C166875719,94835,724203,0,0
405,DEBIT,126302,C741180590,262630,345851,C567059305,425716,745076,0,0
556,DEBIT,112769,C122932394,265334,416454,C811293744,235994,744227,0,0
287,CASH_OUT,139233,C154308262,371024,235603,C240346956,118384,463539,0,0
238,CASH_OUT,113706,C944814262,411373,327222,C354231714,379518,580609,0,0
405,DEBIT,122457,C458102728,4722,463238,C413184748,98993,712495,0,0
486,PAYMENT,79831,C361530104,262571,302085,M380236885,397067,286342,0,0
545,CASH_OUT,153566,C235209737,24406,252856,C438238241,389522,439645,0,0
114,DEBIT,81594,C945011302,85053,103700,C959870518,397046,251536,0,0
568,TRANSFER,270677,C706210987,364735,463723,C521929719,215963,256960,1,0
455,TRANSFER,266286,C320337809,396053,206641,C852398388,754283,362839,1,0
176,PAYMENT,282360,C173669588,476322,15250,M993245640,519149,287744,0,0
612,DEBIT,298857,C991010113,304466,401736,C889579134,789125,273445,0,0
329,CASH_OUT,191413,C921581473,204829,456805,C450309958,334192,242723,1,0
264,PAYMENT,229147,C695076080,411421,31323,M441511874,450281,615358,0,0
360,PAYMENT,86396,C322433532,153329,92447,M586145040,211325,706182,1,0
651,TRANSFER,130964,C729624046,402993,376823,C392010397,251249,248465,0,0
559,CASH_OUT,225023,C331875999,311896,130016,C350838144,553452,231979,1,0
481,CASH_OUT,117669,C973008988,398422,206971,C180195016,168265,174899,0,0
436,PAYMENT,177290,C350180427,347625,400686,M317661025,440990,109398,0,0
350,PAYMENT,148825,C452788129,164437,129466,M246148980,763277,518943,0,0
306,PAYMENT,69553,C931471931,406100,471386,M937450959,546120,751891,0,0
69,PAYMENT,270101,C258435089,413341,371030,M926938633,351301,402576,0,0
670,DEBIT,161664,C946799779,62576,16191,C727825475,584027,56152,0,0
147,DEBIT,298262,C739930411,476984,97819,C217008688,15675,291168,0,0
139,TRANSFER,267698,C103044648,90365,376570,C266870811,352935,389297,0,0
172,PAYMENT,162548,C397721596,337735,167995,M213449146,416981,533022,0,0
120,DEBIT,178528,C255357534,484497,279400,C276496293,125613,94472,0,0
268,PAYMENT,44539,C239577989,57175,297641,M582718617,699192,68464,0,0
534,CASH_OUT,174412,C680051935,249301,235892,C600422869,680516,417341,1,0
514,DEBIT,205804,C369137895,35561,131120,C437190678,671367,84600,0,0
198,PAYMENT,121461,C957397689,102416,224402,M536489528,118632,693739,0,0
149,PAYMENT,202921,C287364857,122366,224491,M229640083,108750,482112,0,0
216,DEBIT,283995,C218032515,397693,245259,C675444604,786458,327111,0,0
90,DEBIT,216498,C809805235,209486,394830,C484708210,475634,513909,0,0
665,CASH_OUT,123814,C127681228,369604,57560,C927142786,410439,394692,0,0
578,TRANSFER,223222,C241522640,446296,227997,C322947698,199548,136615,1,0
449,DEBIT,2006,C115956152,300178,89407,C585242269,565379,587699,0,0
459,PAYMENT,24724,C484659715,264130,18800,M431042889,241207,531088,0,0
12,PAYMENT,198210,C948239575,427562,165912,M597514616,706502,579823,0,0
201,CASH_OUT,73002,C946571918,129560,350806,C384550090,5,703446,0,0
242,PAYMENT,290087,C355477113,296959,409074,M228756206,544283,173420,0,0
47,CASH_OUT,229602,C732276010,246889,329101,C197088689,493406,59789,1,0
666,TRANSFER,146900,C447646966,341559,120288,C269238221,476154,97421,0,0
159,TRANSFER,154772,C116944811,117472,420411,C967150570,219854,86675,1,0
173,CASH_OUT,153570,C287095435,231773,397516,C836645781,31566,285069,1,0
314,DEBIT,93320,C384936197,205863,256805,C426648350,116751,99830,0,0
324,CASH_OUT,267007,C156263020,326754,443924,C987325945,339749,481891,1,0
698,DEBIT,96616,C236105947,200722,108261,C856671023,202682,45330,0,0
590,PAYMENT,259070,C896413702,222345,29986,M848267035,85333,161101,0,0
177,CASH_OUT,209174,C552002959,457426,71934,C747791119,618308,244348,1,0
165,TRANSFER,181243,C664880035,59949,97841,C143303806,637096,600807,0,0
400,PAYMENT,158798,C222030010,280488,401679,M330876810,117255,140661,0,1
118,DEBIT,270231,C900651998,219188,186381,C997567367,334678,412156,0,0
239,DEBIT,107151,C168244921,351441,352465,C451965766,83805,327371,0,0
214,TRANSFER,99577,C611365210,22694,115871,C259261469,674035,420945,0,0
350,PAYMENT,276419,C581331845,253765,106147,M197939109,151958,460915,0,0
432,CASH_OUT,7797,C935389432,94937,471058,C863599447,232131,143979,0,0
633,PAYMENT,152153,C488736388,350171,84631,M366522892,248765,42351,0,0
382,PAYMENT,259527,C651085057,27757,365871,M481975879,531022,102478,0,0
301,CASH_OUT,199857,C737444033,243950,271372,C525464250,442667,265508,1,0
283,TRANSFER,178273,C217095851,100572,373377,C651323128,95424,428410,1,0
449,CASH_OUT,299282,C585337126,453112,273412,C152560325,631469,733251,1,0
657,PAYMENT,107144,C640992677,320974,32175,M827120114,102552,227977,0,0
244,CASH_OUT,82303,C337887233,445021,490488,C420877774,647779,30750,1,0
460,DEBIT,236471,C760465943,336497,487550,C379351967,725772,509622,0,0
159,CASH_OUT,201993,C146562851,392977,49648,C980564513,65488,246765,1,0
570,CASH_OUT,123176,C880871219,354547,385887,C286689063,783849,158497,0,0
570,TRANSFER,125951,C940983577,382601,414399,C133374137,337990,285356,0,0
194,DEBIT,107673,C807491789,238634,472243,C534212844,674075,259673,0,0
43,DEBIT,272268,C659903980,397527,159487,C585547305,648413,504204,0,0
616,TRANSFER,107892,C423873102,123852,342363,C696950800,275251,687933,0,0
380,TRANSFER,291755,C591819409,234750,254547,C903243119,406521,344864,1,0
607,TRANSFER,237574,C790781796,138595,344352,C690687810,444846,206748,1,0
159,CASH_OUT,262148,C133447745,96494,41190,C368277223,702356,311356,0,0
511,DEBIT,114916,C165310776,246222,458007,C201710492,673356,689126,0,0
250,CASH_OUT,73668,C614302907,168369,273740,C596115163,15376,85997,0,0
542,DEBIT,73805,C531233244,120938,437631,C209422179,654299,244955,0,0
372,TRANSFER,126182,C557707813,127337,262128,C963177562,672960,311095,1,0
505,PAYMENT,77625,C836691577,421831,262640,M952346725,328761,723439,0,0
445,PAYMENT,208237,C215923129,334091,201447,M250101639,87745,229351,0,1
400,DEBIT,181162,C626422169,135091,279819,C230409444,603347,743919,0,0
221,DEBIT,97270,C864935082,20156,102840,C112838650,321289,375735,0,0
381,PAYMENT,179945,C576271425,166129,73230,M166216779,572854,142049,0,0
658,CASH_OUT,182147,C178910051,47367,130963,C991605503,745225,228464,0,0
336,PAYMENT,92937,C186748119,111095,390449,M938549404,462753,82446,0,0
167,DEBIT,193033,C445864933,85395,286705,C338680070,452546,575147,0,0
156,CASH_OUT,127970,C753154389,368781,22063,C240354421,169259,264208,0,0
22,TRANSFER,122087,C259272239,92091,239644,C312743722,152110,359589,0,0
656,PAYMENT,190267,C170525764,10514,124279,M984412594,470336,420489,0,0
423,CASH_OUT,197427,C235497187,155855,421136,C530121446,499479,567487,1,0
213,DEBIT,183124,C395296179,392102,361085,C499689381,617718,70949,0,0
12,TRANSFER,40642,C770355806,200919,159423,C836893185,709687,469363,0,0
128,PAYMENT,267773,C779760958,478365,260226,M776776838,184972,493466,0,0
623,DEBIT,72735,C728530544,364691,10567,C792225271,618214,48242,0,0
672,CASH_OUT,29645,C688793237,254394,447284,C190236646,114836,668298,0,0
490,PAYMENT,168212,C864668242,205123,246052,M725265416,790243,406656,0,0
69,DEBIT,242978,C449165212,484716,262463,C729340221,101536,491582,0,0
511,CASH_OUT,228684,C508992977,283112,28900,C377906552,132994,604579,1,0
69,DEBIT,39446,C741444618,384822,73527,C972680546,168332,194855,0,0
548,TRANSFER,200452,C669681065,54213,477936,C180516876,306256,39726,0,0
623,TRANSFER,139905,C416644047,449732,416232,C123407763,356215,317473,0,0
280,TRANSFER,9296,C587173220,108241,27268,C169226321,453739,610505,0,0
148,DEBIT,272644,C642831335,365088,177043,C312332805,207606,728871,0,0
458,DEBIT,46518,C750072069,326983,29873,C793623149,668582,267913,0,0
72,CASH_OUT,57274,C561923010,94244,171813,C576130756,700457,555435,0,0
75,DEBIT,89976,C206492059,483506,284305,C968977829,748423,48110,0,0
318,PAYMENT,33735,C951580447,333811,490913,M238288872,118728,265205,0,0
455,DEBIT,78584,C853529912,98971,16375,C198761306,9695,541729,0,0
369,TRANSFER,202638,C222851168,180645,214801,C990514408,331004,652739,1,0
391,DEBIT,102172,C802992685,297789,271251,C968536025,361799,321901,0,0
321,CASH_OUT,26672,C798916441,162357,33593,C455998988,52044,413612,0,0
339,DEBIT,298630,C925667446,194692,311416,C231563076,148188,511844,0,0
406,TRANSFER,141485,C691991695,420840,206040,C145844821,127463,114688,0,0
152,PAYMENT,221949,C873995963,294768,104697,M594989531,746403,284487,0,0
670,DEBIT,165378,C330879256,69487,70560,C154371817,418005,135701,0,0
432,CASH_OUT,827,C561784080,55107,228629,C280377032,31786,657293,0,0
130,TRANSFER,258570,C584853393,209633,8798,C716203465,656282,599162,1,0
140,PAYMENT,250331,C345343109,343864,193242,M565098113,178982,210704,0,0
32,CASH_OUT,279802,C544328940,468369,354045,C982277976,785088,727245,1,0
494,CASH_OUT,35997,C463925049,362578,388945,C877851703,22873,686426,0,0
446,TRANSFER,231544,C988434627,85269,12026,C524126612,42311,364811,1,0
128,PAYMENT,45506,C586940738,138570,457481,M632711663,691207,564204,0,0
401,CASH_OUT,110214,C528133274,118371,249091,C131656371,236887,408980,0,0
200,PAYMENT,286553,C546665485,199092,272204,M510952606,717804,635929,0,0
142,PAYMENT,11117,C883415470,336178,206089,M833594284,50697,566608,0,0
597,PAYMENT,187977,C202097643,135222,35079,M558127005,685521,345184,0,0
192,CASH_OUT,86589,C435596237,448032,374344,C285550328,221163,320330,0,0
144,PAYMENT,104943,C558234365,51012,221968,M480043678,744976,330019,0,0
63,CASH_OUT,290473,C435569630,181693,227506,C330549659,729846,321064,1,0
554,DEBIT,299664,C814154134,217767,350639,C300951978,80291,225075,0,0
461,TRANSFER,126713,C373685835,412111,484003,C395259429,574694,368742,0,0
303,TRANSFER,79722,C501902658,144954,211864,C400491536,282868,42510,0,0
669,CASH_OUT,229187,C263894795,364925,232974,C578901124,768103,378630,1,0
236,PAYMENT,91663,C837468465,101551,192081,M259591761,9404,151171,0,0
345,DEBIT,123089,C609241268,235132,27209,C137204552,539677,248719,1,0
13,CASH_OUT,255345,C172083844,177788,385890,C759391912,576070,387069,1,0
658,DEBIT,54462,C197951867,196211,255033,C764835755,319177,23758,0,0
277,DEBIT,95013,C993108266,482137,219973,C762474187,452201,43315,0,1
338,DEBIT,200669,C191659287,178157,419627,C363909394,299140,32664,1,0
50,TRANSFER,269770,C200105056,263356,361690,C795009888,687005,169299,1,0
148,DEBIT,144033,C563723880,390845,479336,C416866759,786872,72102,0,0
39,DEBIT,246955,C203685265,360701,86879,C635680789,574065,215238,0,1
223,TRANSFER,292978,C899496315,161792,54708,C542373256,163394,244944,1,0
426,CASH_OUT,141853,C893276164,235706,480911,C691297450,182394,539006,0,0
659,DEBIT,141935,C500126515,358243,436841,C614355545,7425,789480,0,0
598,DEBIT,79653,C971630639,257387,171915,C165475776,188717,759242,0,0
575,CASH_OUT,168165,C239710404,254767,265161,C194190297,659089,509958,1,0
557,PAYMENT,18119,C697398528,422781,116585,M400407178,576572,178996,0,1
199,PAYMENT,104226,C164404084,111301,162553,M511259527,779824,92526,0,0
401,CASH_OUT,125759,C729712082,183258,122772,C247356051,702858,396302,0,0
46,PAYMENT,57162,C702998820,81948,207836,M550149967,640763,582753,0,0
615,DEBIT,93179,C703102938,27197,177218,C314166184,129101,226845,0,0
654,DEBIT,24748,C453954673,349337,124926,C790042893,348684,86545,0,0
56,PAYMENT,126896,C819421270,380710,94024,M955984774,478076,76625,0,0
95,CASH_OUT,292075,C231244840,411267,410261,C664588547,499344,575063,1,0
243,TRANSFER,47745,C541102414,425665,288988,C367520363,359571,359783,0,0
608,TRANSFER,216721,C479673044,423471,245602,C777267364,790168,441618,1,0
374,PAYMENT,176398,C814403943,336033,174981,M961321417,448484,404696,0,0
225,PAYMENT,100360,C905611583,51990,121943,M683746914,85366,417902,0,0
301,TRANSFER,270112,C554124989,480338,479064,C953459662,314942,145468,1,0
204,PAYMENT,107715,C874233009,399472,373519,M120970156,152566,52499,0,0
556,DEBIT,49024,C155239803,480123,179992,C510704185,551872,536567,0,0
328,TRANSFER,41125,C408839723,272990,403078,C939575663,277768,429857,0,1
360,PAYMENT,267827,C744685429,141964,311869,M865975921,74474,408540,0,0
491,CASH_OUT,192419,C435489452,103915,131401,C485593692,497275,582476,1,0
678,TRANSFER,191012,C477577220,77256,184133,C615057244,795907,452219,0,1
602,DEBIT,137226,C211240259,28261,247418,C684671539,324888,18226,0,0
260,DEBIT,140849,C720535283,405429,282648,C939059557,260243,713839,0,0
19,PAYMENT,160120,C644830077,175183,207097,M620420638,170951,20501,0,0
432,TRANSFER,212335,C328426553,163944,404635,C469403820,750561,607748,1,0
511,PAYMENT,231326,C266140258,307311,456798,M707363258,464764,583900,0,0
145,TRANSFER,194944,C805165232,52335,126599,C639440654,341376,147083,0,0
516,PAYMENT,226279,C617746926,58706,254809,M445320116,576563,720763,0,0
271,PAYMENT,39248,C340781088,87238,448781,M517021222,414562,436060,0,0
616,CASH_OUT,218699,C216198604,475083,23052,C390378111,737341,128544,1,0
253,CASH_OUT,121236,C475932035,21390,204249,C293075824,746355,582816,0,0
426,DEBIT,211545,C697285504,270151,944,C127984900,525275,731217,0,0
510,DEBIT,227436,C494665673,38165,341115,C442392183,271855,85227,0,0
253,TRANSFER,190021,C223357166,22024,52055,C741148802,515717,648552,0,0
345,DEBIT,169431,C918841563,10207,444086,C335171142,259201,500929,0,0
158,PAYMENT,197639,C399110343,337766,389529,M131464348,321220,651729,0,0
35,TRANSFER,81615,C716435189,244288,496409,C970471079,442113,359743,0,0
435,DEBIT,69617,C342836476,47456,29362,C935949119,208072,654511,0,0
287,TRANSFER,178471,C966747347,73309,18452,C401649155,123775,356936,0,0
471,TRANSFER,144088,C560755939,428734,413509,C162911855,539956,400077,0,0
559,TRANSFER,233269,C702332331,405504,120454,C968285490,655954,693032,1,0
253,DEBIT,118348,C924024405,170363,214469,C606467254,771812,127838,0,0
546,DEBIT,184200,C978779150,164999,477412,C668473595,733121,547749,0,0
687,CASH_OUT,48097,C767570850,208138,80636,C483790644,87110,27050,0,0
416,PAYMENT,176426,C758819288,302107,221171,M923390510,10662,384462,0,0
491,DEBIT,159782,C824750726,12213,403436,C727053322,718598,607769,0,0
156,PAYMENT,1144,C790092970,445450,479177,M349926429,126745,208929,0,0
649,TRANSFER,224226,C697794767,165640,194894,C271395839,122540,770109,1,0
666,CASH_OUT,133277,C128189836,142954,114515,C207518427,36375,399308,0,0
493,TRANSFER,243034,C753903309,158957,365213,C366134484,318675,225648,1,0
493,DEBIT,65779,C806340901,458762,109017,C805302800,698083,231876,0,0
201,CASH_OUT,286405,C990626742,72908,17241,C358935844,138604,791290,0,0
419,TRANSFER,91174,C844609017,187965,252615,C386181187,345968,212736,0,0
69,TRANSFER,62812,C387169808,212854,451942,C673044801,647735,541301,0,1
634,DEBIT,170621,C131088245,34457,213807,C976479512,372332,787937,0,0
309,DEBIT,18930,C293720285,32535,16065,C949584483,761654,146104,0,0
565,CASH_OUT,297684,C393421844,282986,129926,C891412300,145711,794131,1,0
693,PAYMENT,123299,C854517058,112424,322666,M160031457,85745,264813,1,0
292,TRANSFER,174773,C918630985,238188,25792,C920392140,27603,784402,1,1
520,CASH_OUT,69302,C431769776,308444,384467,C335591393,763292,99770,0,1
698,TRANSFER,170303,C464883950,457310,444648,C718144695,421648,165426,1,0
428,CASH_OUT,287767,C476908532,52635,300438,C956191734,780342,52330,0,0
166,CASH_OUT,290577,C106556040,311921,448032,C517065508,111359,511559,1,0
359,TRANSFER,139492,C294782734,129994,209137,C480968571,91257,81227,0,0
503,PAYMENT,237169,C253815116,252515,297180,M286521875,308509,420331,0,0
447,CASH_OUT,101487,C708082645,398049,162217,C289086333,200741,83905,0,1
78,PAYMENT,27028,C805818425,72204,194302,M353994846,270804,301635,0,0
602,PAYMENT,73390,C530338918,41708,83211,M736212983,13580,242951,0,0
395,CASH_OUT,21677,C174716780,487625,327507,C441454588,108417,735193,0,0
616,CASH_OUT,195345,C252336745,281695,74176,C965661638,590855,541332,1,0
78,PAYMENT,289338,C895609471,427709,3823,M892534314,278747,771888,0,0
364,CASH_OUT,187379,C779863265,119502,160811,C849070816,777981,502857,1,0
29,PAYMENT,269252,C132917811,47013,187223,M485240450,495283,275087,0,0
106,PAYMENT,159263,C198524063,465448,480628,M735185398,325063,272390,0,0
662,DEBIT,272947,C901131404,343331,367300,C130286569,151633,332213,0,0
216,DEBIT,202311,C669601448,166305,168090,C855326778,68835,798991,0,0
61,TRANSFER,251171,C330997172,481947,370707,C852221438,751564,797705,1,0
190,PAYMENT,240128,C503935666,15588,54973,M477615830,775173,469596,0,0
338,CASH_OUT,213556,C550791704,324816,223009,C709511014,384333,103841,1,0
628,DEBIT,160012,C587098457,104180,13919,C705167856,120522,525080,1,0
638,CASH_OUT,48903,C466034277,139491,210359,C252581172,294721,273314,0,0
39,CASH_OUT,61968,C269016920,406879,454926,C704633564,275201,617846,0,0
588,TRANSFER,33577,C497341481,38314,260228,C302114356,306297,472398,0,0
8,DEBIT,40796,C434618074,342864,402460,C998396384,456089,452829,0,0
475,PAYMENT,67866,C874807770,368862,208590,M970161616,166964,158829,1,0
17,PAYMENT,281511,C448303473,397941,22075,M628524423,686779,728285,0,1
145,DEBIT,90240,C934120892,8572,71468,C682101860,168082,585628,0,0
10,PAYMENT,196669,C709448939,269756,429791,M431843213,677823,613667,0,0
223,CASH_OUT,126783,C740190407,453529,379517,C288502642,443172,221538,0,1
43,CASH_OUT,103635,C191221925,59884,140987,C626602103,627761,430802,0,0
247,TRANSFER,111526,C156488296,336698,106968,C140763261,381148,134845,0,0
574,CASH_OUT,214259,C267052653,368449,290515,C196913120,484091,16905,1,0
194,CASH_OUT,278820,C269017588,493630,6050,C160309911,176978,97180,1,0
154,PAYMENT,254572,C910069356,356382,8888,M349777425,377275,218422,0,1
450,CASH_OUT,144279,C763398699,136971,390535,C746030501,9966,535916,0,0
220,DEBIT,95698,C153432064,157217,17669,C334944315,394861,734851,0,0
569,CASH_OUT,136009,C823668399,226090,198937,C121397518,267544,412126,0,0
615,DEBIT,249627,C187597497,2431,354095,C665269791,555564,44864,0,0
2,DEBIT,102977,C392168202,204986,112684,C613236768,316235,254770,0,0
462,TRANSFER,266019,C575788930,290458,121831,C100733897,616108,89023,1,0
612,CASH_OUT,25120,C810751262,116049,221404,C456196659,719366,105696,0,0
116,CASH_OUT,287735,C555282394,267206,442105,C759422189,692101,711776,1,0
527,CASH_OUT,158277,C621475287,438598,409785,C316320731,565745,762405,1,0
86,TRANSFER,182790,C751842899,13703,365208,C965914172,425751,9879,0,0
155,PAYMENT,83149,C574641329,330810,452220,M240112087,769708,469134,0,0
200,DEBIT,58126,C544726404,498204,99704,C465887237,261188,799083,0,0
666,TRANSFER,182874,C393310667,311372,466383,C869805921,529148,47728,1,0
7,PAYMENT,258460,C331465414,245488,381864,M290546084,564396,231617,0,0
95,TRANSFER,77606,C910614025,440126,79876,C961596686,587596,1607,0,0
210,CASH_OUT,178834,C650127661,67421,21518,C447450846,321345,418882,0,0
370,DEBIT,217356,C222210617,192828,145762,C163947730,8382,84859,0,0
693,DEBIT,62601,C470626529,177946,128165,C123528797,721444,702338,1,0
556,PAYMENT,285152,C561616250,295305,102391,M258604568,433714,529087,0,0
358,TRANSFER,206024,C219066986,249084,249465,C729866807,409633,129980,1,0
656,DEBIT,10027,C404133583,165279,488680,C856661933,696631,647396,0,0
23,CASH_OUT,10885,C828230915,485857,95213,C252098390,40725,797762,0,0
526,TRANSFER,290062,C828519068,82016,53806,C931469703,178527,420020,0,0
466,DEBIT,269854,C736873048,328684,359949,C219100072,673726,293702,0,0
677,DEBIT,144770,C622517939,68274,308213,C665104817,117286,369438,0,0
137,TRANSFER,25076,C665791188,51999,27738,C491797490,467997,523538,1,0
305,TRANSFER,120607,C816328133,408916,484609,C177880216,500884,764634,0,0
224,CASH_OUT,161423,C431162800,333024,218403,C501140044,465992,416540,1,0
178,DEBIT,132485,C148766522,37180,410749,C856491925,190091,363604,0,0
500,PAYMENT,165850,C336779871,178002,67965,M810966933,747146,476552,1,0
277,CASH_OUT,229434,C524410834,125342,270774,C524767500,117363,456982,1,0
97,TRANSFER,149428,C743520276,393781,337819,C729230605,614640,119779,0,0
44,DEBIT,265216,C158821683,172905,365314,C208482467,515188,63805,0,0
220,CASH_OUT,96158,C108253947,336860,120730,C461379699,361395,524493,0,0
287,DEBIT,112355,C319497661,84821,421984,C424017866,679874,743333,0,0
109,DEBIT,241070,C423646570,268602,150033,C446392556,357470,285024,0,0
277,CASH_OUT,104392,C326810757,414983,321912,C246513857,236444,170316,0,0
113,CASH_OUT,274016,C923935280,185169,148182,C269118504,674255,223626,1,0
220,PAYMENT,4155,C247354744,301343,304264,M886356993,151601,616737,0,0
422,CASH_OUT,281466,C920511515,199988,340557,C569083854,590620,763076,1,0
323,PAYMENT,116647,C374361983,236481,219882,M950234433,216746,245340,0,0
663,TRANSFER,125680,C410791488,317330,387476,C786406624,441174,433420,0,0
614,DEBIT,254740,C452318696,206232,185639,C623127037,196979,286981,0,0
539,PAYMENT,3980,C228832213,393887,133438,M797052007,550162,771614,1,0
375,DEBIT,245947,C108299923,443035,312499,C440680449,285084,88567,0,0
575,PAYMENT,109963,C634063428,439628,22462,M287048690,543118,707518,0,1
599,DEBIT,228400,C902100304,213968,403552,C859331874,486275,58914,1,0
381,CASH_OUT,273597,C562412302,117729,21556,C703418543,551764,174811,1,0
236,TRANSFER,132696,C288650860,437455,179693,C844704803,187150,20195,0,0
348,PAYMENT,161905,C238712095,139045,340822,M758965006,241348,646110,0,0
641,PAYMENT,194940,C508244633,172903,441210,M945026004,244826,411885,0,0
152,DEBIT,57341,C671855941,262037,415794,C483138514,596033,87087,0,1
520,PAYMENT,22586,C855561271,366648,166000,M339699130,625207,55037,0,0
225,DEBIT,242753,C347079497,141203,226094,C814609188,600577,104273,0,1
386,TRANSFER,259378,C637152602,114614,446247,C732380409,572686,679093,1,0
377,TRANSFER,238278,C699924859,26962,16740,C974513582,443729,49592,0,0
226,TRANSFER,4069,C994807263,267553,333618,C288282376,308068,84458,0,0
584,PAYMENT,60138,C817311263,476910,384533,M506286844,480545,203508,0,0
454,PAYMENT,260493,C965650861,199198,333123,M429448930,146306,541001,0,0
226,CASH_OUT,196206,C480284107,383426,399769,C888121101,585896,76693,1,0
108,CASH_OUT,119492,C177390472,258490,176512,C839269574,289647,48838,0,0
318,DEBIT,44230,C526351920,124746,167071,C416235507,267446,2953,0,0
62,TRANSFER,244854,C896760809,120627,33717,C236739271,549998,706826,1,0
259,TRANSFER,269455,C145421708,487849,191791,C290812817,356686,142298,1,0
495,PAYMENT,218095,C568387228,481959,231659,M882576281,377928,593184,0,0
118,CASH_OUT,201324,C120123575,19731,264491,C101930485,13338,173602,0,0
506,CASH_OUT,254392,C593657365,190043,102566,C853775825,152185,550846,1,0
398,PAYMENT,292817,C183604337,398538,180116,M715076673,106960,383353,0,0
102,CASH_OUT,49576,C436146289,433354,398046,C520478827,373218,747590,0,0
460,DEBIT,170057,C718216692,242264,9415,C927672827,226710,235237,0,0
478,DEBIT,95658,C560940492,7086,302905,C709329975,504434,222182,0,0
107,CASH_OUT,176211,C715683222,351296,262399,C134770706,302811,713588,1,0
270,PAYMENT,245382,C534245762,155049,186061,M295508799,91665,419508,0,0
49,DEBIT,42054,C861818706,272859,389326,C746809909,753702,164818,0,0
354,CASH_OUT,164344,C787346882,15522,416706,C441682804,422870,305131,0,0
303,TRANSFER,186820,C548495473,494117,329095,C968449816,569051,442762,1,0
587,DEBIT,29780,C410864588,239157,105789,C756465515,113076,188405,0,0
158,TRANSFER,50811,C223666470,213702,469655,C337184468,321721,703098,0,0
650,DEBIT,223454,C534900128,40077,214096,C786815488,232380,90388,0,0
46,DEBIT,145023,C122394554,33892,158279,C707254955,624747,741119,0,0
93,CASH_OUT,55490,C448717183,358468,455725,C211787506,126298,316575,0,0
577,TRANSFER,229267,C284547422,44135,475310,C632774653,756686,218930,0,0
546,DEBIT,152645,C960413104,25761,141294,C251014666,585765,400623,0,0
690,DEBIT,27143,C763706947,25457,56947,C455589390,341530,268267,0,0
296,PAYMENT,55839,C594025283,188104,191634,M900306310,395822,92663,0,0
242,CASH_OUT,207258,C993381017,114310,340492,C183544242,74258,141439,1,0
247,PAYMENT,224106,C840463141,1391,458293,M355546183,305480,498017,0,0
130,DEBIT,8902,C488536370,93464,161171,C472384530,124714,628030,0,0
260,PAYMENT,168706,C194628740,282081,460221,M443080569,538795,3487,0,0
646,DEBIT,119782,C568915703,363675,474830,C280267742,113394,258116,0,0
341,TRANSFER,267714,C213669678,462251,113415,C783100341,653002,182506,1,0
161,DEBIT,29913,C361259074,169708,92019,C195268824,720643,116583,0,0
237,PAYMENT,227536,C567804106,134035,133726,M982252644,92529,453925,0,0
670,CASH_OUT,180275,C732295732,232062,314944,C861246240,288152,199395,1,0
222,TRANSFER,231422,C529979713,235560,103187,C819433407,96554,452642,1,1
20,DEBIT,230346,C662600500,227021,440363,C786231285,136450,617838,0,0
393,PAYMENT,144441,C184446671,233867,410887,M883064819,15861,463609,1,0
50,TRANSFER,207497,C524951250,170646,148051,C460508244,659436,178054,1,0
302,PAYMENT,132383,C433154770,299087,46105,M579565240,3599,195659,0,1
613,PAYMENT,22599,C900801837,93476,390747,M112235959,557343,515985,0,0
382,CASH_OUT,241635,C464549612,345653,12823,C384769690,499264,345341,1,0
592,DEBIT,196597,C337911187,16365,59622,C325146786,785608,705662,1,1
225,DEBIT,150753,C457629711,389057,153775,C367942460,709441,83537,0,0
663,DEBIT,46518,C936571442,492134,308057,C844292151,77123,415505,0,0
575,DEBIT,72327,C280531127,387527,420576,C172794091,534398,223112,0,0
62,DEBIT,208706,C182011731,232298,128331,C476326283,432809,68363,0,0
201,CASH_OUT,90485,C648127255,323923,416673,C375584366,607539,400375,1,0
337,PAYMENT,194895,C779919809,490812,19346,M945056299,706168,169162,0,0
613,PAYMENT,199691,C222435172,213708,9759,M216001265,410646,286400,0,0
633,CASH_OUT,280192,C669732591,285183,435180,C873538202,130436,354805,1,0
664,TRANSFER,274197,C647556857,357162,444842,C101375634,351591,750377,1,0
165,PAYMENT,5686,C308202515,303075,94594,M151697938,610355,569399,0,0
593,PAYMENT,43559,C933468715,309742,175050,M514396801,62708,778873,0,0
515,PAYMENT,226213,C475138838,179166,164164,M570535289,311294,647834,0,0
459,CASH_OUT,144333,C476990466,292321,98841,C886606608,490674,419655,0,0
171,PAYMENT,29327,C881017363,288997,200015,M550599217,420669,384382,0,0
184,CASH_OUT,210407,C979339361,277331,393709,C278604541,130439,389925,1,0
149,CASH_OUT,40836,C793039113,457301,301251,C544549689,516243,615221,0,0
246,PAYMENT,132333,C975139327,364225,471466,M629442753,659966,356826,0,0
254,TRANSFER,56196,C258580752,78784,318415,C506639535,580918,287832,0,0
256,CASH_OUT,26653,C353691745,399588,224839,C477131597,374998,259188,0,0
39,PAYMENT,68469,C210385522,476182,121327,M686288768,267774,609451,0,0
386,TRANSFER,277885,C257243284,399489,246661,C503026384,596432,421626,1,0
385,TRANSFER,167064,C374843786,376356,356092,C208908082,544929,644711,1,0
115,PAYMENT,207680,C311818984,14716,497926,M989924715,571675,132430,0,0
331,TRANSFER,238583,C286293158,287176,17140,C614847663,473026,467221,1,0
385,DEBIT,76970,C746820987,44772,323831,C946892378,372429,1658,0,0
375,PAYMENT,22838,C264142683,453902,18361,M720682356,279373,454036,0,0
195,PAYMENT,231514,C916274954,479245,47632,M798973247,552958,38233,0,0
198,DEBIT,146529,C915133660,20478,400593,C914157804,452483,49948,0,0
648,PAYMENT,179789,C803847447,286076,257972,M837832868,6553,736648,0,0
554,PAYMENT,284797,C180909963,93286,424861,M342217614,779331,641075,0,0
691,CASH_OUT,256527,C290209201,263653,347962,C274651099,519826,368708,1,0
87,PAYMENT,214737,C929839316,172026,89779,M584566178,276786,140313,0,0
358,CASH_OUT,91593,C774254861,386369,7904,C179144854,107001,502253,0,0
302,TRANSFER,206454,C630554118,201891,276109,C958128631,239204,569505,1,0
361,TRANSFER,58223,C598165815,36382,16259,C135876704,624652,9586,0,0
492,TRANSFER,232359,C910080036,372333,121701,C416655712,111153,455618,1,0
457,CASH_OUT,269737,C705306363,163543,204580,C121558591,710731,502870,1,0
303,CASH_OUT,180527,C915911873,343822,87638,C442219677,686860,354824,1,0
455,PAYMENT,40960,C722199123,70864,75010,M380383739,160353,140039,0,0
690,TRANSFER,175409,C582008349,219894,354434,C212447665,357073,655803,1,0
179,DEBIT,79435,C831361497,56176,396412,C179672074,716696,595929,0,1
474,PAYMENT,45356,C706118438,364534,319753,M467013765,408995,785772,0,0
606,TRANSFER,96602,C790407222,318379,64230,C282649071,302094,649307,0,0
666,TRANSFER,77758,C782146375,377059,93993,C503144836,198573,191269,0,0
664,PAYMENT,213463,C770575153,281383,334738,M272769884,215933,243907,0,0
564,PAYMENT,249936,C447042200,484976,276379,M885963005,214051,615,0,0
477,TRANSFER,175505,C773469560,126865,493857,C180533234,321546,170372,1,0
395,PAYMENT,171735,C439451556,79064,470223,M687386446,632592,623711,0,0
550,PAYMENT,203405,C262089272,462326,492274,M199970392,22525,586455,0,0
259,PAYMENT,106411,C572191734,292759,244865,M462871672,297391,366657,0,0
452,PAYMENT,81563,C173321814,97367,205162,M737835435,435935,153305,0,0
27,TRANSFER,217494,C603500181,16105,380113,C758896006,248850,30215,0,0
98,CASH_OUT,241574,C574817290,247652,73414,C618334675,544527,611692,1,0
324,CASH_OUT,137915,C777944609,234241,186869,C856456108,203426,209239,0,0
214,TRANSFER,214283,C425150964,149457,340650,C133278698,221738,311847,1,1
497,CASH_OUT,13831,C955052486,302553,233308,C563129902,258446,639232,0,0
102,PAYMENT,205771,C394928601,469668,392248,M801835431,497337,43202,0,0
235,DEBIT,207448,C735032128,192070,285428,C277164387,237145,566423,0,0
640,TRANSFER,254970,C160314355,196278,31440,C752102334,532358,321375,1,0
399,DEBIT,113496,C477895080,197687,103431,C566219118,127192,424101,0,0
648,PAYMENT,279010,C644748834,199783,25989,M268688902,349738,283891,0,0
642,PAYMENT,149101,C179661615,327370,4861,M157505040,147892,590238,0,0
173,PAYMENT,279820,C433297890,12055,62781,M208724746,119574,61779,0,0
501,DEBIT,20156,C595792218,152586,444161,C455510103,792846,225440,0,0
372,PAYMENT,230268,C585238820,42679,181101,M320708138,195961,238340,0,0
217,TRANSFER,31926,C140380477,208655,390069,C303994042,6402,375181,0,0
243,DEBIT,237368,C161085229,425760,283830,C539460908,125223,513993,0,0
251,DEBIT,100228,C495928981,420744,345152,C848609261,795736,615438,0,0
691,PAYMENT,148541,C993027458,410574,393876,M694973692,336279,701346,0,0
456,CASH_OUT,165565,C408246619,392144,402854,C875282507,762372,416779,1,0
350,TRANSFER,157355,C182389284,416363,243772,C883803621,32735,508911,1,0
78,TRANSFER,298377,C792205349,45853,196201,C679955265,542383,104222,0,0
482,CASH_OUT,217826,C196955134,216915,175150,C384825874,760416,392004,1,1
261,CASH_OUT,24199,C760360225,103627,129544,C809311588,484495,307157,0,0
60,DEBIT,59059,C737888347,407962,10547,C402283096,577907,320762,0,0
172,CASH_OUT,240137,C644459924,73168,73366,C419331516,428053,389326,0,0
519,CASH_OUT,275260,C512834919,445767,439575,C355065530,710958,683717,1,0
676,TRANSFER,196392,C596832859,357851,404301,C202988942,694058,307963,1,1
73,CASH_OUT,138554,C723123952,218431,55609,C153295652,480875,743537,0,0
131,PAYMENT,2513,C695192667,304359,358316,M521875543,301065,211299,0,0
116,DEBIT,126250,C950207886,319957,438977,C713933158,231789,661454,0,0
512,TRANSFER,12084,C893410426,315104,209304,C690195758,283453,569364,0,0
251,DEBIT,121644,C144047803,370288,295673,C627151698,127129,397968,1,0
37,CASH_OUT,228009,C582897882,42406,50812,C264915937,557829,130704,0,0
7,TRANSFER,245042,C969533218,316309,457531,C158524142,725618,526443,1,0
581,PAYMENT,140279,C713811693,267926,468503,M487437109,684392,577907,0,0
22,TRANSFER,37960,C799905142,438528,118643,C104096941,237439,166804,0,0
529,DEBIT,198259,C302120588,489559,212373,C559138405,463506,385145,0,1
485,PAYMENT,288983,C445236735,410789,128019,M194090232,593665,591916,0,0
114,CASH_OUT,33185,C749620068,123791,465959,C416270056,356554,65197,0,0
266,PAYMENT,17582,C610702777,484137,470938,M984652998,416850,634163,0,0
656,PAYMENT,82774,C638339044,271772,287442,M810838801,670774,509068,0,1
330,TRANSFER,146868,C261985842,216669,344159,C771186296,65195,244042,0,0
547,CASH_OUT,86586,C166436383,187934,365301,C744476518,324332,306505,0,0
646,TRANSFER,17243,C583745511,323502,361013,C615748688,578078,447822,0,0
368,DEBIT,271723,C211134294,493197,186272,C314399191,47252,664577,0,0
583,CASH_OUT,271833,C970768982,264320,377336,C204138894,134278,684729,1,0
387,TRANSFER,106571,C999126903,146935,179420,C127633490,546852,303391,0,0
414,CASH_OUT,103719,C468763500,471503,287062,C322214072,631359,190375,0,0
160,PAYMENT,112238,C866990485,395955,245720,M283429671,89882,494361,0,0
471,PAYMENT,23823,C190547712,386055,138279,M785252000,212996,766355,0,0
156,PAYMENT,240156,C641755366,185151,452532,M413330168,525589,304080,0,0
256,PAYMENT,98334,C793773681,155075,138982,M187978213,748609,775492,0,0
624,CASH_OUT,132634,C285283722,106538,270706,C608492614,739443,641800,0,0
117,TRANSFER,299366,C142028540,264724,206096,C224026766,644621,387684,1,0
231,TRANSFER,58929,C366012797,44194,379361,C431091936,422757,642210,0,0
427,DEBIT,203018,C859803019,331922,182155,C942754807,286045,525270,0,0
478,PAYMENT,188888,C570039364,455619,30552,M526777316,472803,111115,0,0
46,DEBIT,111876,C571825556,60653,341954,C605672755,406782,522222,0,0
516,DEBIT,34678,C662714327,494476,386115,C625163699,298509,747157,0,0
305,TRANSFER,95861,C661296425,31629,237778,C809786356,426573,124283,0,0
218,PAYMENT,47879,C754773573,212079,451035,M384546308,502865,770545,0,0
615,DEBIT,202801,C270452446,447506,256872,C197857474,325075,231560,0,1
151,DEBIT,84677,C490732457,213262,235311,C789198776,645115,637560,0,0
48,PAYMENT,203217,C500346767,70248,53444,M684250873,625872,523136,0,0
273,CASH_OUT,147798,C403754671,31498,148346,C516104074,678797,789097,0,0
511,TRANSFER,282679,C515985367,192317,98315,C298514700,680215,796551,1,0
85,CASH_OUT,11881,C538912794,421441,288614,C498380251,253301,79199,0,0
228,DEBIT,157983,C931575232,85205,216461,C509573649,231241,789908,0,0
234,TRANSFER,166493,C463318956,41476,81455,C496642020,120388,272094,0,0
429,CASH_OUT,183600,C828960875,279501,278849,C300341906,611473,534561,1,0
124,CASH_OUT,256310,C741975062,282191,220073,C578647558,590888,346361,1,0
571,CASH_OUT,279443,C156227043,228163,437507,C147907058,369170,240787,1,0
632,TRANSFER,136096,C947425963,175544,256687,C382711894,96917,134556,0,0
699,DEBIT,118322,C777409303,438863,196955,C572167680,662746,387167,0,0
386,PAYMENT,27977,C795038832,328569,193481,M599352182,55114,92199,0,0
493,TRANSFER,262778,C459327003,474902,301857,C382824466,118968,436142,1,0
139,PAYMENT,163739,C170772317,254829,19199,M342925794,443853,328333,0,0
427,PAYMENT,261276,C454002758,484441,121266,M998806471,356737,274233,0,0
397,TRANSFER,217608,C201474984,402692,205384,C388366246,676651,643421,1,0
684,CASH_OUT,65433,C699108439,85435,313811,C705855162,126525,140973,0,0
676,PAYMENT,212556,C828404274,129065,31357,M166184772,123323,126259,0,0
513,TRANSFER,225070,C515070154,145439,321402,C262275325,132871,553095,1,0
107,CASH_OUT,106082,C405100495,21498,384050,C907706333,226597,639658,0,0
202,PAYMENT,280639,C370578414,139861,489180,M847829989,204573,46025,0,0
383,CASH_OUT,94044,C877103091,233913,109249,C816688804,614997,605731,0,0
442,DEBIT,215456,C804980312,287714,64829,C203833652,356043,230413,0,0
21,DEBIT,267942,C747145068,495846,198691,C192027526,615942,657739,0,0
201,PAYMENT,49689,C261462131,296560,161940,M817411121,3515,446295,1,0
4,TRANSFER,73970,C457944766,87948,412028,C469143184,619436,481537,0,0
124,CASH_OUT,162893,C187512088,460478,82681,C967776836,60155,110782,1,0
134,DEBIT,114265,C725711790,434174,35814,C681376445,588759,283527,0,0
338,TRANSFER,297943,C812548074,261776,216651,C544514776,553003,696658,1,0
79,TRANSFER,236645,C251857566,96741,27584,C912239392,242282,414976,0,0
18,CASH_OUT,226699,C475617211,499151,46104,C733213949,708029,574989,1,0
235,CASH_OUT,167063,C433108786,210126,300141,C344289964,659045,171926,1,0
349,DEBIT,169901,C804433388,365278,472919,C694425527,136772,112168,0,0
474,PAYMENT,202730,C849987147,87228,369561,M165480798,346655,565934,0,0
650,TRANSFER,4755,C810962214,290168,83697,C515652006,529437,189681,0,0
563,DEBIT,50348,C520861681,343288,348274,C978755907,545946,284712,0,0
630,PAYMENT,139082,C238460786,360867,271941,M661118447,179243,793480,0,0
655,DEBIT,285391,C738920648,245453,219478,C549502766,719148,196983,0,0
336,DEBIT,235951,C861104727,144507,49477,C675004218,528832,292002,0,0
644,PAYMENT,290796,C190966348,53024,416968,M837733572,476908,9218,0,0
314,PAYMENT,30092,C432411019,559,237225,M609838807,16220,693192,0,0
312,TRANSFER,217170,C700138002,219499,90005,C714947283,251981,526071,1,0
571,PAYMENT,177269,C504456327,131937,396281,M353018691,367057,156049,0,0
456,CASH_OUT,271365,C790945624,188726,221668,C611382735,192589,796247,1,0
329,CASH_OUT,100517,C950040559,242955,397892,C420890008,790124,418048,0,0
610,CASH_OUT,181189,C452699013,490783,259285,C184777341,141668,657003,1,0
201,DEBIT,217616,C973150512,15540,165301,C523917958,542057,500010,0,0
288,CASH_OUT,34260,C237217505,143115,37570,C866979905,462110,754207,0,0
678,TRANSFER,269709,C819532005,318709,322089,C137289436,51993,329586,1,0
378,TRANSFER,188437,C854658900,284257,250476,C639127345,4521,694402,1,0
349,PAYMENT,241009,C990087914,467210,392690,M713342728,785428,307822,0,0
2,PAYMENT,135470,C893253262,369061,132955,M654928450,519382,103153,0,0
556,DEBIT,224274,C835958147,109084,327736,C959477004,423574,283080,0,0
362,PAYMENT,73413,C665210546,399826,93778,M713627778,140931,468735,0,0
656,CASH_OUT,181171,C200344359,347076,333054,C827497537,762186,766781,1,0
699,TRANSFER,183836,C793663866,5574,235020,C766013190,751588,323392,0,0
398,PAYMENT,140447,C819896690,248495,325045,M258320719,796177,154525,0,0
280,PAYMENT,63845,C554629125,145093,352053,M229151674,153358,168147,0,0
109,PAYMENT,276624,C645985356,460258,455323,M913025234,228497,138213,0,0
626,CASH_OUT,196644,C488509962,386106,69715,C582152746,345259,667329,1,0
614,TRANSFER,196414,C119574893,402893,108138,C285627380,346228,283932,1,0
119,CASH_OUT,72461,C489336282,262838,57771,C279491823,718525,611889,0,0
435,DEBIT,269033,C431642423,71939,481193,C327515325,84358,560956,0,0
118,PAYMENT,280560,C293555835,78947,168204,M968078090,211985,341147,0,0
613,PAYMENT,123764,C329987621,495288,197639,M306938058,372146,439388,0,0
162,CASH_OUT,179525,C466932310,99290,258308,C235491190,495496,738748,0,0
582,DEBIT,291836,C922653967,361788,167466,C145822897,649899,797455,0,0
584,CASH_OUT,25445,C622129427,393545,231946,C554595339,128633,375360,0,0
467,CASH_OUT,28818,C306164050,260440,219182,C184147554,570509,281466,0,0
147,CASH_OUT,167069,C343248743,174104,7432,C833500385,599493,510684,1,0
75,CASH_OUT,27956,C247709679,167217,347692,C567499938,796240,421399,0,0
84,DEBIT,157503,C266371119,82600,394868,C316809172,151837,780196,0,0
420,TRANSFER,147746,C182855381,67853,479319,C983221403,179238,622087,0,1
97,TRANSFER,72016,C417604347,277392,433628,C773479021,333862,48070,0,1
623,PAYMENT,202358,C946237594,94154,21213,M258783057,4369,588770,0,0
478,DEBIT,256328,C208599066,143748,352475,C995616775,570900,99329,0,0
449,PAYMENT,168700,C645127678,323595,182631,M738927559,285648,125662,0,0
39,PAYMENT,246786,C927720428,100025,139728,M376903372,638668,291456,0,0
263,CASH_OUT,232420,C679574436,337291,351133,C443328397,28669,786360,1,0
314,TRANSFER,78063,C996703082,487707,260300,C880720904,181675,400385,0,0
258,DEBIT,299663,C893112954,278187,470555,C966878665,610911,235018,0,0
37,CASH_OUT,47415,C665359037,5435,15052,C171953537,736200,162325,0,0
457,TRANSFER,97728,C140531056,442606,8328,C193445007,123554,233931,0,0
340,DEBIT,56783,C810741110,191285,4761,C516718295,594498,68165,0,0
672,TRANSFER,278366,C461597989,182058,311207,C697391512,155183,576228,1,0
375,DEBIT,143377,C922816526,207500,263894,C526656677,310509,129817,0,0
515,TRANSFER,248278,C763606238,443697,458236,C692763677,319664,679044,1,0
268,CASH_OUT,106202,C240712839,400435,56731,C450175988,209727,267800,0,1
183,CASH_OUT,154691,C741288486,215375,411263,C396568375,280621,747967,1,0
1,DEBIT,64065,C504499880,214223,25378,C658010933,488720,492696,0,0
351,PAYMENT,234884,C265627642,163502,416462,M591942526,723001,559827,0,0
476,CASH_OUT,113318,C274211616,89792,294743,C113275526,425037,618773,0,0
47,TRANSFER,164311,C294181873,486527,379179,C944552318,273010,423345,1,0
497,DEBIT,214403,C992649957,110160,252862,C852061786,211811,75937,0,0
274,TRANSFER,19409,C843937341,361462,381897,C769003354,732079,16829,0,0
231,TRANSFER,256089,C927959968,404983,262440,C730905018,500395,729950,1,0
133,TRANSFER,102578,C770809983,117026,351716,C661096687,223059,742021,0,0
561,TRANSFER,71637,C968704078,338877,86134,C939328588,287312,588248,0,0
350,CASH_OUT,184975,C277746324,249004,156434,C550535448,334123,438201,1,0
553,DEBIT,73706,C874364348,250703,74469,C220816186,619113,552813,0,0
111,CASH_OUT,295376,C569948247,61305,278652,C545004139,742647,301239,0,0
309,DEBIT,281309,C146914391,28876,239040,C260677223,350434,129516,1,0
159,CASH_OUT,142439,C541156077,133692,269289,C259128258,778520,25823,0,0
663,TRANSFER,237007,C491163514,238697,191175,C708375597,132850,704966,1,0
340,PAYMENT,158077,C826239153,431856,40985,M731289471,343671,488267,0,0
526,PAYMENT,218012,C872649234,216908,161860,M725644753,174682,198453,0,0
132,DEBIT,276937,C355046107,395412,300477,C914301516,513611,638288,0,0
89,PAYMENT,171228,C576954730,170821,441343,M207593219,601385,642497,0,0
591,PAYMENT,194816,C755621841,404395,355789,M213424523,742880,4838,0,0
509,CASH_OUT,206586,C405939035,38744,418434,C704177085,293238,586463,0,0
598,CASH_OUT,125704,C907873857,281833,102063,C937029745,639679,422701,0,0
348,CASH_OUT,157295,C903734960,340343,351324,C208437656,324377,45452,1,0
344,CASH_OUT,216996,C941599226,198139,160477,C943687944,431965,746253,1,0
408,TRANSFER,208885,C582032731,88697,224589,C407189861,296753,209944,0,0
334,PAYMENT,76308,C351258749,204446,274535,M675132064,377625,391374,0,0
112,PAYMENT,31522,C673390109,323894,400723,M469226717,107042,449794,0,0
86,PAYMENT,77627,C356805216,112945,15141,M541189818,441371,245221,1,0
386,CASH_OUT,22437,C432288618,380572,324601,C383614547,158964,631796,0,1
582,PAYMENT,155471,C968253265,257481,165458,M511289794,740176,207526,0,0
86,PAYMENT,188362,C942211135,165029,348622,M803072911,110675,173625,0,0
473,TRANSFER,66481,C603601664,98066,330048,C621392697,784141,509590,0,0
149,CASH_OUT,190073,C996696177,41340,2921,C714205272,203474,618528,0,0
435,TRANSFER,14606,C308323285,165486,347608,C753868135,470098,542036,0,0
230,CASH_OUT,139571,C494966219,353247,489058,C607929943,73820,563510,0,0
406,TRANSFER,236503,C828326405,51786,166471,C140228456,743048,424452,0,0
131,PAYMENT,13880,C712483158,270047,361911,M284898049,273661,290846,0,0
662,PAYMENT,291929,C573087862,239292,295531,M395723682,28106,575607,0,0
566,CASH_OUT,263901,C595725097,321154,95687,C532689999,304144,509603,1,0
54,DEBIT,246331,C926178355,479673,279707,C254460628,206994,96643,0,0
439,TRANSFER,299744,C402550088,220386,187453,C763834967,506367,67690,1,0
566,DEBIT,21022,C935504321,3650,180701,C753538609,147049,474579,0,0
107,PAYMENT,93548,C510032406,405218,74280,M831017246,433595,433194,0,0
436,CASH_OUT,15833,C639991949,292164,443278,C844813102,444819,499600,0,0
406,CASH_OUT,9683,C666355637,197298,62613,C531343461,296867,418277,0,0
407,PAYMENT,135793,C549533634,413811,252097,M141642429,684880,514116,0,0
93,TRANSFER,171056,C274008639,60148,161848,C524979220,35568,650728,0,0
311,CASH_OUT,61292,C977130288,301364,72356,C455939049,692642,566904,0,1
554,DEBIT,76578,C314423806,230822,111889,C841433502,288683,685401,0,0
98,CASH_OUT,254471,C960345542,215432,215859,C355098831,541285,450330,1,0
445,CASH_OUT,109867,C749252434,497440,345535,C152925780,734184,201703,0,0
500,TRANSFER,243115,C248604290,133558,165320,C900742774,624142,90693,1,0
532,CASH_OUT,156423,C368438908,449251,95798,C610261646,792063,19192,1,0
385,DEBIT,170963,C156027635,331065,245534,C388390253,530026,203623,0,0
611,DEBIT,66353,C788460744,370450,308792,C499905152,425426,717084,0,0
229,PAYMENT,15579,C616030284,94488,220412,M121724902,68607,185385,0,1
343,CASH_OUT,194460,C498585961,240822,457739,C462780939,385939,404138,1,1
220,CASH_OUT,136745,C695433590,308859,242721,C977661452,130509,351595,0,0
268,PAYMENT,227559,C210154881,315661,218348,M952177409,481503,492762,0,0
676,TRANSFER,145464,C863860982,497192,58097,C425402780,485910,724353,0,0
131,TRANSFER,294411,C653953485,332464,453293,C433879270,32400,69770,1,0
314,PAYMENT,278863,C233871736,280943,126011,M401019924,15329,625927,0,0
425,TRANSFER,282994,C406084084,305009,27278,C627872109,627058,440769,1,0
272,CASH_OUT,14959,C190060226,307831,174898,C847520637,649381,210244,0,0
441,TRANSFER,28038,C919390458,479564,201225,C835354265,52748,307181,0,0
492,TRANSFER,271534,C272134062,120902,180160,C205460113,676894,91005,1,0
633,CASH_OUT,107393,C392907427,120832,118192,C344767409,432458,724794,0,0
384,CASH_OUT,16238,C582452834,425212,346990,C244295352,542606,491745,0,0
66,DEBIT,52062,C651208305,273495,425963,C422638422,169598,600173,0,0
308,PAYMENT,113704,C258214411,246200,128279,M898567178,63043,689051,1,0
150,TRANSFER,180518,C992329618,204736,420474,C575786397,790023,40658,1,0
346,CASH_OUT,211294,C569732588,310650,192573,C931109347,425466,135753,1,0
516,DEBIT,99222,C198476695,480620,135669,C986721049,368543,557437,0,0
331,PAYMENT,259016,C338411494,167932,317174,M444529729,287251,488260,0,0
404,CASH_OUT,156725,C976928440,141707,489987,C389287503,159224,720380,1,0
81,CASH_OUT,95486,C584394989,136262,159156,C882542411,588730,59395,0,0
130,DEBIT,86473,C475364113,147522,149979,C547506309,740457,360654,0,0
581,PAYMENT,147835,C128636900,34523,444547,M749591392,206084,661801,0,0
90,TRANSFER,216586,C545492166,33734,252771,C793159203,154473,6654,0,0
263,TRANSFER,91228,C157184151,479554,263199,C195871030,327660,381150,0,0
248,DEBIT,103102,C525689202,346883,246464,C301794412,479425,443612,0,0
667,TRANSFER,234096,C639026034,223607,45380,C574289591,369556,25532,1,0
621,DEBIT,290280,C501538092,245385,459567,C326978821,661680,221646,0,0
378,DEBIT,248650,C353164777,96496,18781,C984730446,251442,281648,0,0
159,PAYMENT,175307,C514642708,485825,255392,M537195843,259711,132848,0,0
417,CASH_OUT,95077,C187623171,167207,249045,C895583423,765523,281775,0,0
305,CASH_OUT,234497,C502559419,103509,159186,C620185318,219248,231730,1,0
47,DEBIT,138361,C341096660,372689,414277,C915499713,295107,788797,0,0
218,PAYMENT,197880,C130266145,431915,229728,M654589168,572922,289669,0,0
437,TRANSFER,263168,C442185272,3196,335740,C501483027,626627,85666,0,0
10,TRANSFER,166662,C206389694,355752,332402,C981560713,642306,545961,1,0
162,PAYMENT,281496,C867407868,300053,455139,M160350543,487295,287437,0,0
589,PAYMENT,181513,C797889971,435892,16292,M653266624,503294,537605,0,0
206,DEBIT,157355,C460015275,351637,440612,C949856342,83323,778755,0,0
222,DEBIT,165807,C949738493,386354,324792,C270695366,479898,106918,0,0
53,TRANSFER,117292,C256819248,18768,372868,C170455681,687537,766159,0,0
148,CASH_OUT,196091,C247746438,39080,313694,C434065879,115266,770508,0,1
660,PAYMENT,57886,C141127742,145800,109525,M861894343,27597,114441,0,0
1,TRANSFER,65539,C408034406,67381,344543,C644167285,767248,742138,0,0
591,CASH_OUT,299289,C990949719,309320,241262,C533131502,718398,550640,1,0
267,PAYMENT,101221,C607294618,102192,5608,M245652883,530929,564493,0,0
160,PAYMENT,106344,C847401602,232362,168217,M938073130,225097,59353,0,0
192,CASH_OUT,69739,C992398092,309423,50385,C662948033,772411,49334,0,0
196,PAYMENT,29192,C249027517,88720,254084,M710607239,728359,365356,1,0
698,CASH_OUT,255183,C914799481,121280,401176,C131082848,355446,568061,1,0
73,DEBIT,23012,C857563699,361998,418810,C286549068,373539,454412,0,0
642,DEBIT,112136,C603703167,266145,450399,C306978174,419260,753682,0,0
157,PAYMENT,151870,C581682167,248018,441259,M994351711,797051,796184,0,0
16,DEBIT,230696,C760725160,326824,401051,C315528733,401702,395722,0,0
594,PAYMENT,195023,C105638424,16940,130066,M998696871,272201,245615,0,0
526,DEBIT,246964,C185068029,203374,7043,C161877074,582093,211470,1,0
206,PAYMENT,53692,C120405269,319586,102654,M367888133,284331,516853,0,0
508,PAYMENT,265403,C374796224,431599,434758,M135509761,761299,321574,0,0
593,TRANSFER,216782,C331557515,487258,4263,C590108029,234856,721915,1,0
523,PAYMENT,166962,C996534803,368503,11519,M154287614,471069,223080,0,1
34,PAYMENT,49278,C260545470,46246,394718,M486949792,414546,202500,0,0
198,DEBIT,93574,C689274064,496058,134042,C856594938,694388,413727,0,0
542,DEBIT,234185,C880862406,381856,392544,C313792490,130514,154969,0,0
20,TRANSFER,90517,C753780028,65480,339855,C394181098,698213,557524,0,0
552,TRANSFER,251163,C666690337,465538,286348,C495514868,765784,637796,1,0
19,DEBIT,94446,C554466340,149666,290277,C984233149,596168,405633,0,0
506,PAYMENT,934,C219385981,422593,137912,M598450776,776422,187660,0,0
202,DEBIT,299145,C933409017,475759,259820,C642375317,59547,769129,0,1
182,CASH_OUT,45012,C409346714,129651,466783,C526213526,511933,273591,0,0
215,PAYMENT,207949,C355164255,108775,378522,M782266083,541285,279953,0,0
145,TRANSFER,97164,C423358638,440698,193708,C233007467,151168,236486,0,0
502,PAYMENT,277367,C230833665,147702,257422,M831405402,527433,538786,1,1
105,TRANSFER,106024,C151270577,492303,155223,C132816979,593572,398759,0,0
304,CASH_OUT,223379,C356022467,436526,370098,C359779054,574839,715422,1,0
29,TRANSFER,754,C550784243,177265,268774,C499933139,750639,618740,0,0
314,TRANSFER,215934,C786069196,312371,92889,C624830763,93878,452400,1,0
365,TRANSFER,249241,C952442674,64555,375285,C737849448,185715,269981,0,0
574,DEBIT,272117,C768737754,429385,254451,C578999915,83576,102548,0,0
494,TRANSFER,234661,C590822013,407851,193295,C290679038,438350,700972,1,0
79,PAYMENT,72355,C167438668,34622,471808,M609578849,509800,465406,0,0
532,CASH_OUT,96526,C219032752,481038,225075,C730157871,755247,639963,0,0
648,TRANSFER,105823,C998386592,387435,140466,C691990078,582761,635843,0,0
674,DEBIT,203185,C636687537,100300,491934,C475551835,269072,104663,0,0
244,PAYMENT,71188,C740743666,275478,369552,M469634556,642006,676367,0,0
525,PAYMENT,137944,C675583372,476752,12938,M275571407,702726,682121,0,0
612,DEBIT,174104,C117647321,394803,353645,C999423880,494496,603532,0,0
256,DEBIT,49502,C778556450,224065,426142,C377733976,350891,613517,0,0
629,DEBIT,79895,C653380476,246256,41722,C904190892,305617,377250,0,0
327,PAYMENT,240589,C717452511,209658,105940,M992140083,556387,122994,0,0
411,CASH_OUT,197323,C359779090,461263,118998,C839647637,710595,791598,1,0
685,DEBIT,176082,C871531100,321990,106898,C197057590,55746,668372,0,0
668,TRANSFER,139105,C254164462,163945,14026,C406090918,254200,188349,0,0
155,TRANSFER,128280,C412750915,16709,346929,C129474736,349355,398270,0,0
581,DEBIT,240413,C560891752,481756,492108,C515071728,277941,260314,1,0
374,DEBIT,100725,C101679695,160974,249109,C153312407,380129,101216,0,0
598,PAYMENT,262707,C760146764,48380,322038,M274920492,645214,475125,0,0
516,PAYMENT,251535,C478833337,301517,393658,M714457408,16473,146626,0,0
527,DEBIT,296224,C358303887,230395,14497,C937336224,703196,379590,0,0
319,PAYMENT,35131,C712745501,242735,424986,M330122826,40002,641260,0,0
356,TRANSFER,110461,C547286055,267336,34579,C337673911,452436,536630,0,0
75,TRANSFER,71034,C301126777,342902,291409,C795118868,705339,711083,0,1
612,CASH_OUT,55282,C813363254,269482,66266,C341712209,404311,34571,0,0
557,DEBIT,247777,C817490291,5829,223274,C827669728,456123,230099,0,0
381,CASH_OUT,299083,C191927283,435252,458189,C321975705,795005,351679,1,0
4,TRANSFER,189737,C662087258,243768,113259,C388926290,275871,643887,1,0
495,CASH_OUT,80830,C487195336,38598,212139,C799636574,648365,173226,0,1
442,CASH_OUT,188405,C172670118,436572,69000,C539705006,593358,83470,1,0
588,PAYMENT,286840,C664852025,499755,54607,M651131533,9290,42738,0,0
252,DEBIT,121824,C684203557,166490,304767,C121531054,496733,356211,0,0
55,TRANSFER,92950,C644738967,388026,86332,C937844678,478720,582456,0,0
546,DEBIT,202004,C944403809,202268,369478,C924174943,419136,359830,0,0
449,PAYMENT,236043,C645055605,448400,152254,M832506384,302468,761563,0,0
361,DEBIT,77325,C695016134,378355,396681,C109554136,767914,421439,0,0
117,CASH_OUT,97347,C121833792,484103,2369,C609057994,645836,682637,0,0
483,PAYMENT,144475,C519246503,313078,66483,M242071170,290706,205658,0,1
241,DEBIT,70121,C604803700,37381,269066,C795109916,629313,708537,0,0
342,CASH_OUT,33996,C146744734,141463,10564,C285972787,786157,486744,0,0
326,PAYMENT,176418,C782546314,399988,349379,M745471251,566695,317234,0,0
26,DEBIT,5133,C515410649,125074,219700,C959922040,36080,768813,0,0
350,DEBIT,285081,C500830389,323860,343625,C109087862,242726,775806,0,0
40,PAYMENT,140283,C372354893,391758,444128,M340271240,125612,658554,0,0
381,DEBIT,55614,C902425085,377988,253978,C371002172,392619,62408,0,0
617,DEBIT,50619,C117439966,414016,126534,C753204271,345590,305868,0,0
542,PAYMENT,209820,C483426624,30846,413014,M964454042,644034,263035,0,0
560,PAYMENT,152231,C946666926,169807,45704,M427984850,789539,148608,0,0
305,DEBIT,242430,C172541521,61562,237469,C865299271,175508,37780,0,0
602,TRANSFER,8277,C470228863,45708,199521,C861678303,629999,104755,1,0
273,CASH_OUT,224162,C358906986,86590,313030,C790137154,185217,705051,0,0
377,PAYMENT,194554,C886989426,339330,248966,M395685474,5310,311173,0,0
26,TRANSFER,233562,C805560474,22419,297194,C555059083,423759,553093,0,0
66,DEBIT,154199,C774585778,308697,204249,C504237434,249894,292927,0,0
273,TRANSFER,95964,C211308231,227870,206935,C474423649,71074,698276,0,0
12,CASH_OUT,149905,C928393291,413270,389027,C592845370,87388,265713,0,0
270,CASH_OUT,35951,C724813934,440919,456179,C370581558,364236,266336,0,0
662,DEBIT,65714,C889401015,10532,114300,C334300190,371551,260775,0,0
233,CASH_OUT,227207,C912477810,251881,453227,C601113183,24815,792650,1,0
456,TRANSFER,193825,C457039137,175295,413324,C424425818,125349,568392,1,0
563,PAYMENT,159992,C243247463,407908,266152,M827133833,407096,272611,0,1
129,TRANSFER,95142,C147605080,31017,486383,C659030686,738423,98120,0,0
518,DEBIT,77706,C478278218,285906,39051,C985097007,560085,530901,0,0
65,TRANSFER,185882,C686277792,181383,345753,C769591945,158987,63910,1,0
443,TRANSFER,102464,C463512350,144916,201081,C526439295,59486,472355,0,0
182,DEBIT,26181,C973498494,107157,466196,C727588309,86978,200798,0,0
101,DEBIT,5896,C790196540,110290,19465,C209856785,71792,139270,0,0
100,CASH_OUT,169430,C288000513,163377,184681,C107889398,474381,624257,1,0
477,TRANSFER,98902,C991617660,9852,456195,C649233665,582334,408519,0,0
61,DEBIT,289404,C936597989,343550,223717,C811198748,352131,205156,0,0
203,CASH_OUT,171203,C835172306,243554,221716,C501826151,290144,263672,1,1
413,DEBIT,157853,C598885034,355992,309257,C702859986,597689,624559,0,0
153,PAYMENT,105486,C846668526,85001,158069,M795078308,17215,643346,0,0
90,DEBIT,30891,C613818935,246969,468361,C737558411,697621,220079,0,0
186,TRANSFER,75939,C778321204,312768,316543,C753962570,36509,711782,0,0
301,TRANSFER,7937,C295719504,462396,408224,C403521991,527800,82168,0,0
620,TRANSFER,216875,C971339002,207193,488075,C420486085,711045,224320,1,0
688,DEBIT,72634,C244796859,201068,426492,C834883010,22838,323670,0,0
105,DEBIT,162534,C167753684,187486,6336,C216076355,586686,545027,0,0
672,PAYMENT,125795,C868847524,350882,158651,M617262695,505074,319475,1,0
277,PAYMENT,233011,C933428091,381116,110573,M168544512,757730,648002,0,0
353,CASH_OUT,189316,C591429705,12755,48791,C461081823,710463,360981,0,0
82,CASH_OUT,262304,C139711044,99847,387688,C396871629,667481,19158,0,1
39,CASH_OUT,246160,C415081566,117776,397575,C787833374,582570,449426,1,0
663,PAYMENT,207484,C316456682,121937,436881,M449113269,500181,668695,0,0
211,TRANSFER,174101,C147036629,195254,338906,C397302928,255549,113532,1,0
536,CASH_OUT,19503,C949447049,141519,20229,C380404354,520919,774474,0,0
88,CASH_OUT,230793,C314179101,64222,468395,C804503060,790555,202049,0,0
571,PAYMENT,286747,C144996163,142245,199867,M863531123,42082,101967,0,0
650,PAYMENT,248104,C438868427,32069,120787,M799506796,714152,496626,0,0
207,TRANSFER,235307,C432941445,56866,210171,C420824516,551972,17352,0,0
403,TRANSFER,112852,C653388913,279365,464416,C302250101,148515,584550,0,0
34,TRANSFER,127672,C527589822,490391,113920,C260985353,788898,104639,0,0
265,DEBIT,296512,C975535611,491754,48807,C655439758,422109,626905,0,0
286,DEBIT,234437,C683074770,267531,317972,C921921869,774756,378147,0,0
566,TRANSFER,267301,C608309128,286298,149102,C358022386,254936,522037,1,0
550,TRANSFER,299999,C371993587,329794,246281,C160961339,404964,558382,1,0
673,CASH_OUT,64484,C139321248,128792,465899,C964823687,356668,648581,0,0
346,PAYMENT,249429,C908839964,95696,410140,M961531511,427443,386435,0,0
160,TRANSFER,66160,C794604127,459350,455725,C969761986,638471,300489,0,0
550,PAYMENT,271509,C305195749,50411,395252,M744280854,349422,72832,0,0
114,DEBIT,104286,C407209235,131632,270628,C533897383,42628,66046,1,0
357,DEBIT,270765,C483298103,202646,324064,C809239039,183951,147349,0,0
288,CASH_OUT,152747,C938422254,47361,329738,C443152572,343190,394039,0,0
595,DEBIT,72672,C151329185,176687,254043,C830955923,447695,611442,0,0
525,DEBIT,53922,C804086195,181565,140118,C250248163,277132,528446,0,0
654,CASH_OUT,52121,C456401418,28834,372157,C874471936,90381,429586,0,0
623,TRANSFER,296894,C393364102,273118,240464,C127332385,468239,7711,1,0
23,TRANSFER,51422,C233654018,226009,60071,C803731001,637719,546356,0,0
670,CASH_OUT,143709,C958287383,19515,57732,C634050001,209605,245512,0,0
659,CASH_OUT,5795,C495157577,435711,261910,C417403063,101982,792272,0,0
270,CASH_OUT,170191,C569172971,32125,62999,C378556835,730493,260281,0,0
54,DEBIT,15129,C529520110,324058,221576,C549431487,673265,700948,0,0
111,CASH_OUT,104243,C898120571,248304,317559,C534434754,280786,793983,0,0
407,TRANSFER,90848,C572163615,474857,316884,C516907018,317859,436401,0,0
79,DEBIT,283235,C515156661,258492,417690,C891060070,114921,225877,0,0
444,PAYMENT,210615,C464037804,63888,481483,M137923492,543344,251953,0,0
16,DEBIT,194924,C300593456,32161,492937,C726016935,470970,568688,0,0
397,PAYMENT,256049,C632794158,196164,79599,M860283250,74180,733709,0,0
490,PAYMENT,181749,C843102880,476015,173327,M714225883,164944,373096,0,0
365,TRANSFER,295284,C634211672,78113,313599,C976189113,480795,221099,0,0
631,CASH_OUT,144925,C494435754,91891,211474,C303919854,314326,714300,0,0
187,PAYMENT,297642,C956084565,87794,179614,M468472812,110373,310609,0,0
643,PAYMENT,27407,C657568201,349627,55598,M880126986,443226,161919,0,1
394,DEBIT,154636,C386389162,211463,346534,C865974442,289176,107437,0,0
75,DEBIT,78106,C960226208,374195,466185,C338760659,15791,111118,0,1
380,DEBIT,21702,C188703430,126733,484161,C836928463,358963,609395,0,0
170,CASH_OUT,244355,C880697625,135090,283071,C674060064,683045,158621,1,0
190,CASH_OUT,151526,C555803043,177833,63753,C785383997,456036,313456,1,0
88,DEBIT,32988,C184747224,390300,491420,C942776797,461833,652433,1,0
36,PAYMENT,255057,C562360908,123351,36534,M610816782,104817,153627,1,0
629,PAYMENT,168073,C746879296,384922,329287,M821413281,468883,93676,0,0
296,CASH_OUT,69068,C982982227,300821,44440,C484933362,42103,538611,0,0
224,PAYMENT,114981,C293763673,413356,56627,M644725181,612665,115637,1,0
664,TRANSFER,67085,C685698675,142412,434516,C422331737,695763,445405,0,0
239,PAYMENT,46115,C415429295,207328,439462,M282521788,379129,568043,0,0
282,PAYMENT,213009,C444898148,454581,296508,M806108387,591444,640080,0,0
698,CASH_OUT,26240,C210163669,149594,401737,C699414278,467667,123319,0,0
685,PAYMENT,151642,C185973340,394321,121173,M294493146,478766,33434,0,0
670,PAYMENT,54845,C452101316,487171,161929,M415448230,361273,350912,0,0
454,CASH_OUT,74305,C809656613,375903,101350,C204800493,604879,262051,0,0
387,TRANSFER,150359,C417440983,491844,479198,C605497119,183843,583194,1,0
48,CASH_OUT,21023,C429097422,26382,207627,C237378973,721202,521564,0,0
653,DEBIT,83484,C578798403,365837,277045,C895555607,780751,106371,0,0
407,PAYMENT,42322,C747060047,222809,260186,M377725308,312329,681398,0,0
58,PAYMENT,21167,C870584681,246476,284220,M878663220,383891,216197,0,0
430,DEBIT,270690,C557538651,190128,117556,C967952618,408449,166901,0,0
313,CASH_OUT,181649,C278933456,129000,298517,C700255667,141503,171147,1,0
15,DEBIT,115684,C840629322,269039,105682,C919177195,116894,603318,0,0
633,PAYMENT,261520,C576642996,202509,237677,M296568144,274962,457486,0,0
75,TRANSFER,164245,C477470703,253564,209496,C829835592,733082,556116,1,0
489,TRANSFER,118522,C580101819,344950,15021,C460382610,304592,452889,0,0
459,TRANSFER,44141,C145478504,321768,264814,C802693852,656228,290111,0,0
138,CASH_OUT,117216,C880411013,69165,447812,C195884955,607199,659230,0,0
153,TRANSFER,28302,C478557676,98537,68682,C338642889,494897,766913,0,0
302,CASH_OUT,277630,C760191749,151779,391637,C481482646,657302,763389,1,0
51,CASH_OUT,137252,C567013808,53175,287795,C339796534,590846,659830,0,0
665,DEBIT,226586,C394801573,494649,294418,C899089320,437513,403564,0,0
604,PAYMENT,60046,C786624943,144490,36355,M429730298,576131,13423,0,0
628,PAYMENT,27572,C949842840,238826,279477,M551478978,616017,675516,0,0
619,CASH_OUT,271580,C161587757,369436,39986,C946205663,212104,564240,1,0
589,PAYMENT,147864,C180574838,288889,57803,M455749066,687859,444740,0,0
366,PAYMENT,17294,C820678212,29048,338723,M499090969,799131,313817,0,0
633,CASH_OUT,150785,C784523874,380355,3420,C379773344,684341,477061,1,0
501,CASH_OUT,245260,C536164913,48002,166020,C728751749,128471,693983,1,0
363,PAYMENT,103989,C490102359,112150,258445,M415734988,244437,217972,0,0
84,CASH_OUT,89151,C650921917,88263,492492,C597959181,627326,612404,0,0
289,PAYMENT,27564,C960170255,293128,445292,M226466892,31817,676689,0,0
253,DEBIT,234079,C905196831,199542,87122,C605234798,250139,615702,0,0
690,PAYMENT,108935,C829511584,409442,312604,M157635190,738360,522419,0,0
307,DEBIT,233031,C271784435,179357,161298,C781178315,452669,729695,0,0
349,TRANSFER,64028,C133436988,154404,348413,C726608478,742459,477965,0,0
394,TRANSFER,254903,C253308283,18482,25905,C723106450,790078,401519,0,0
216,TRANSFER,82944,C752376434,327936,316359,C766422911,71540,198343,0,0
391,CASH_OUT,54560,C828092377,92264,474288,C176467315,343133,75952,0,0
254,PAYMENT,148978,C938927341,245318,249434,M607042021,755631,76970,0,0
680,DEBIT,129337,C570484488,231391,129686,C308889819,131458,698165,0,0
288,CASH_OUT,30370,C137365109,34600,121764,C637383490,48737,348039,0,0
549,CASH_OUT,210865,C235538456,267311,112557,C228651382,181676,653310,1,0
376,PAYMENT,279449,C172191273,302146,134288,M830893658,576453,482156,0,0
639,DEBIT,288450,C353398109,200658,111860,C509814203,799947,251060,0,0
619,CASH_OUT,97569,C935924516,335103,268556,C668909764,489881,736332,0,0
507,PAYMENT,200273,C792738367,405732,205459,M420357050,150619,273016,0,0
130,PAYMENT,187635,C493342201,194227,64361,M543570539,526054,467927,0,0
144,PAYMENT,63114,C488856231,300318,125702,M158048598,658764,234046,0,0
17,CASH_OUT,84764,C511086777,55918,206238,C261897130,675234,26547,0,0
402,TRANSFER,141141,C709074302,381050,1832,C247494816,681014,403823,0,0
283,PAYMENT,150837,C134773472,222071,482939,M315066828,303374,426542,1,0
164,PAYMENT,41356,C749715626,432600,135467,M467938988,161080,372335,0,0
226,CASH_OUT,33402,C264752975,124034,176774,C539366395,542247,414921,0,0
586,CASH_OUT,131727,C829137330,273839,313174,C711392447,732444,124535,0,0
642,DEBIT,269845,C583100677,145006,153625,C591313587,508907,355893,0,0
122,DEBIT,263412,C498320110,37,11920,C253785761,522886,711448,0,1
167,DEBIT,248915,C499446327,456243,66697,C439714150,606867,657773,0,1
503,PAYMENT,263706,C576676179,406757,190093,M868443155,446015,585273,0,0
346,TRANSFER,259121,C919355714,242223,176282,C293656603,533754,255623,1,0
261,CASH_OUT,223877,C182555101,58784,159855,C936381727,530553,287502,0,0
295,TRANSFER,1677,C716243819,74408,396904,C186770648,179810,104570,0,0
527,PAYMENT,173464,C247848992,209019,311857,M623535947,440691,297463,0,0
28,PAYMENT,141455,C668503222,58453,385296,M457158145,465713,210190,0,0
294,PAYMENT,273678,C494009507,152418,21996,M777566277,345778,132053,0,0
519,TRANSFER,126399,C527385805,143953,465432,C289863614,119894,289943,0,0
506,CASH_OUT,224622,C437568796,430037,52107,C436525794,347509,389860,1,0
63,CASH_OUT,274964,C797460535,160381,339401,C781288086,23466,648829,1,0
147,CASH_OUT,6564,C399240862,179000,233705,C162291621,325969,526406,0,0
437,TRANSFER,121997,C368018471,435157,138117,C105061082,508350,646956,0,0
417,TRANSFER,248097,C221814525,209097,371178,C585388459,9387,172606,1,0
144,DEBIT,249206,C127824235,288514,344787,C393698307,267724,592190,0,0
476,PAYMENT,291143,C889924866,122013,242124,M324822604,400074,121789,0,0
640,DEBIT,194252,C299767568,489170,293271,C917325063,437509,455342,0,0
420,DEBIT,286948,C635844374,408654,431419,C930584689,405427,52335,0,0
117,TRANSFER,255921,C655924752,129344,260339,C281039053,748378,722395,1,0
211,TRANSFER,36545,C515524530,116189,457775,C718774770,721558,532327,0,0
657,DEBIT,104924,C703091482,281941,456303,C920858166,119342,267981,0,0
198,DEBIT,224837,C226444910,317817,235654,C270118413,389569,136322,1,1
352,TRANSFER,235752,C381080560,484772,456295,C625679392,355113,62726,1,0
32,TRANSFER,248880,C932111777,109264,140777,C943113786,336940,349005,1,1
26,PAYMENT,160455,C379484009,186256,459474,M919876144,40878,62979,0,0
99,PAYMENT,242418,C855954847,249643,158239,M937252824,755897,298030,0,0
438,TRANSFER,65624,C579182105,198033,228978,C194533678,205719,737456,0,1
610,TRANSFER,298357,C330393232,311776,103533,C238948590,563311,472699,1,0
494,DEBIT,223277,C756998124,210462,155002,C759792599,599262,702736,0,0
106,TRANSFER,154821,C406635834,355437,67021,C565694083,250396,461333,1,0
117,TRANSFER,58660,C845156039,447489,65355,C780202067,476870,241830,0,0
8,PAYMENT,255819,C627422192,81238,417972,M561075177,6611,395771,0,0
613,TRANSFER,49520,C314939857,283126,83337,C533140455,560591,180934,0,0
415,DEBIT,49693,C231680929,432681,61606,C560662565,464151,230461,0,0
165,DEBIT,118737,C245737277,311726,208920,C612604642,374494,446171,0,0
548,CASH_OUT,106510,C179512774,278715,219779,C511582876,528671,228289,0,0
579,CASH_OUT,238369,C585377142,89233,81196,C105013454,294438,412073,0,0
58,DEBIT,262751,C285388355,113226,486553,C140507249,342543,155161,0,0
525,CASH_OUT,164826,C865975088,386620,294977,C673144707,677090,415699,1,0
152,PAYMENT,186198,C577934499,9964,196221,M314119421,574349,702221,0,0
167,PAYMENT,65885,C194264587,476492,475629,M884539206,467018,558457,0,0
601,DEBIT,55062,C970281936,297103,159950,C500614581,433039,125191,0,0
146,TRANSFER,105568,C832215964,393137,20044,C115115189,348301,434969,0,0
184,CASH_OUT,80963,C443154754,4331,91627,C445973716,367390,312444,0,0
523,CASH_OUT,194315,C817087513,391413,344382,C912659064,407435,708481,1,0
161,CASH_OUT,31651,C473045064,468349,330679,C994672466,781608,509272,1,0
72,DEBIT,228229,C861863296,70198,98384,C670193187,8078,541833,0,0
278,DEBIT,60382,C169727803,448944,234799,C304630191,207537,413621,0,0
99,DEBIT,234485,C690554938,262070,35577,C119237294,56614,727138,0,0
122,DEBIT,65741,C682152066,411742,38311,C826652789,675087,46526,0,0
356,TRANSFER,291668,C411774120,13450,71524,C104427929,448636,454788,0,0
526,CASH_OUT,162830,C422076028,62182,177175,C772899961,190191,242941,0,0
145,CASH_OUT,16655,C269119969,481864,342368,C887700486,675748,659103,0,0
672,PAYMENT,60754,C864299201,9372,14551,M367171793,455473,481312,0,0
661,TRANSFER,80306,C861888313,348152,20754,C342950952,572310,114479,0,0
213,PAYMENT,46029,C851854702,69835,489850,M844666527,297486,620390,0,0
627,CASH_OUT,119256,C784725186,239073,62821,C469742752,15305,151186,0,0
435,PAYMENT,144501,C286928799,172687,17862,M435106513,323599,463675,0,0
588,DEBIT,229404,C952225000,111672,250220,C238438399,221775,229632,0,0
316,PAYMENT,154748,C488149273,410654,272028,M210282113,479818,382478,0,0
274,DEBIT,226059,C646272321,256620,269013,C511834185,682561,718687,0,0
279,TRANSFER,46662,C340777602,359295,198768,C640453426,139570,700849,0,0
530,PAYMENT,225221,C230311939,381361,33758,M732080338,467121,534968,0,0
692,CASH_OUT,272548,C315801027,274541,418362,C428688580,295187,590282,1,0
475,DEBIT,29770,C950474042,474587,66320,C279336562,759774,57353,0,0
113,CASH_OUT,31701,C249117905,203754,479786,C170101400,168377,77952,0,0
213,DEBIT,15891,C354193540,265415,384346,C984595578,24276,43585,0,0
242,DEBIT,145438,C948656610,419364,230314,C149089708,142712,746178,0,0
376,PAYMENT,201782,C630452018,40088,455884,M420192227,131980,506741,0,0
53,TRANSFER,295309,C128222260,213596,341508,C412273967,383800,437734,1,0
473,TRANSFER,261028,C487509692,94120,423495,C589547144,173795,500735,0,0
497,CASH_OUT,23625,C694875990,103088,366573,C881503560,462273,604025,0,0
344,TRANSFER,180594,C714478186,117399,185964,C658655427,225226,561337,1,0
558,PAYMENT,157519,C496115351,144338,236503,M740347321,196945,131590,0,0
476,PAYMENT,267009,C601873197,11539,100591,M662767039,116737,24996,0,0
597,PAYMENT,128141,C962925204,121844,135024,M462747729,777146,707217,0,0
190,DEBIT,269615,C692326390,347328,248535,C565644493,478193,772333,0,0
561,CASH_OUT,138034,C239340792,252822,158693,C837424573,199245,446811,0,0
646,PAYMENT,137180,C757074545,220686,232409,M243655310,446098,783842,0,0
14,TRANSFER,162503,C192573170,393852,92479,C468006578,788695,26245,1,0
293,TRANSFER,241866,C170596494,208851,261968,C626325353,153325,64873,1,0
19,CASH_OUT,149055,C432098383,130698,49892,C485742696,676708,628781,0,0
102,DEBIT,127636,C527521016,275429,125806,C905430477,628420,465342,0,0
191,PAYMENT,107900,C869801588,174698,31346,M302320914,239647,457199,0,0
151,CASH_OUT,34885,C871880418,440523,492280,C277042316,763707,194499,0,0
111,PAYMENT,104315,C613962746,350002,182124,M971887294,200123,206769,0,0
546,DEBIT,299255,C664461415,375194,110034,C533138485,754849,752758,0,0
23,CASH_OUT,140890,C541087900,451598,182643,C120535029,106734,162372,0,0
620,PAYMENT,62880,C925884151,88478,373913,M345262270,616323,568176,0,0
678,DEBIT,165937,C539625898,7928,190477,C340863230,106759,9179,0,0
387,CASH_OUT,97899,C984053945,499479,313011,C880791577,4090,192136,0,0
196,CASH_OUT,251853,C717294720,289258,448292,C240881133,539877,172097,1,0
318,PAYMENT,199416,C179189225,73741,382873,M326763783,301286,243603,0,1
133,PAYMENT,218632,C234568604,160371,262713,M888208775,728165,451095,0,0
516,TRANSFER,24602,C440405868,318318,366595,C123529192,715144,197057,0,0
84,PAYMENT,266394,C789705810,430305,140689,M733177858,255560,85141,1,0
371,TRANSFER,180875,C179634081,201123,486649,C641846158,218850,623536,1,0
36,PAYMENT,76525,C583156434,192990,294614,M281445989,258946,656318,0,0
207,PAYMENT,129693,C600184588,112223,83038,M232244172,615995,787868,0,0
284,DEBIT,167562,C830261466,499383,383556,C493624575,580620,369625,0,0
454,CASH_OUT,78094,C655511084,86038,234907,C863548641,220422,173104,0,0
349,CASH_OUT,1615,C469919929,481438,317399,C798512415,88771,261092,0,0
622,DEBIT,67105,C237798236,123182,186131,C950540063,136774,284922,0,0
564,CASH_OUT,236595,C990189659,136225,50818,C140118673,179300,334705,1,0
630,DEBIT,10445,C937800943,478096,134670,C502859804,754965,10960,0,0
42,CASH_OUT,20139,C691957561,294472,167229,C787539531,449058,378080,0,0
224,PAYMENT,258291,C786973497,292552,204300,M374651533,489788,626266,1,0
415,CASH_OUT,72355,C731130400,393086,301841,C928123020,483512,592819,0,0
664,DEBIT,200562,C295381429,39601,294849,C674165650,635404,587453,0,1
470,CASH_OUT,176455,C924399252,428472,114360,C769085879,79311,89751,1,0
229,CASH_OUT,67660,C238548086,364970,449998,C152169850,628887,61330,0,0
144,PAYMENT,128792,C564520346,480926,355289,M737721108,456185,435213,0,0
11,PAYMENT,128123,C639945876,131074,292192,M151497057,2631,259966,0,0
307,CASH_OUT,3385,C159499094,109688,46996,C810784787,345741,732224,0,0
382,TRANSFER,199276,C992699085,375286,385327,C216085930,43085,655930,1,0
112,DEBIT,40397,C233316990,461987,471908,C801762883,621828,248290,0,0
218,PAYMENT,174426,C656307931,209394,248827,M997777024,87342,371513,0,0
463,DEBIT,235055,C264299106,205214,417902,C121197567,129526,542353,0,0
286,DEBIT,116628,C426551245,328864,208260,C151791998,89363,781444,0,0
237,PAYMENT,267513,C276799196,409144,301037,M840613153,286640,234257,0,0
131,CASH_OUT,19838,C273910700,316790,145763,C224328383,375855,180526,0,0
63,TRANSFER,101835,C446454337,78018,347355,C547509357,627470,529070,0,0
384,PAYMENT,119020,C861639583,389303,264038,M577078832,612840,735566,0,0
373,CASH_OUT,126800,C342096876,277919,445331,C508294370,196599,732267,0,0
618,CASH_OUT,70500,C471539452,20566,356963,C232709191,515303,80459,0,0
82,DEBIT,57580,C657162259,345773,104087,C687639985,48231,345566,0,0
463,CASH_OUT,109976,C404994549,348857,32356,C371375678,620656,425966,0,0
321,PAYMENT,2895,C184675178,484710,87493,M609379184,377757,139363,0,0
231,PAYMENT,171336,C369085407,469311,223393,M853625262,531108,532757,1,0
672,PAYMENT,257234,C310777576,309070,436441,M264418972,631615,173806,0,0
144,CASH_OUT,215289,C781887358,313658,95494,C320648482,375982,338037,1,0
141,CASH_OUT,113253,C691461470,259488,124288,C846456758,104946,548930,0,0
516,TRANSFER,96155,C394689553,327936,130878,C836307746,371467,775842,0,0
414,CASH_OUT,246612,C234400576,329408,333979,C776791654,292338,470452,1,0
547,DEBIT,30448,C771112648,363478,345250,C109990686,81098,223410,1,1
392,PAYMENT,147731,C425155441,484219,202668,M423321334,131458,368102,0,0
584,PAYMENT,252496,C759737342,313760,238217,M551907286,317152,704690,0,0
64,CASH_OUT,11432,C672817675,381838,290604,C810456933,104959,123076,0,1
157,PAYMENT,55070,C200317984,288569,278642,M208426285,404271,170116,0,0
325,CASH_OUT,235395,C639633807,21182,10588,C811335671,777794,139334,0,0
172,TRANSFER,17218,C788255012,343885,439949,C658677789,499555,168276,0,0
275,CASH_OUT,200967,C281071418,151786,419054,C389885759,100965,278852,1,0
173,CASH_OUT,138526,C735449477,165404,91782,C768724016,637854,86796,0,0
679,TRANSFER,172206,C723464439,328477,351750,C750294914,98831,670092,1,0
514,PAYMENT,271513,C265564833,98575,327731,M852399189,647659,88114,0,0
424,DEBIT,196853,C283825267,359439,379028,C247278210,189913,782086,0,0
608,PAYMENT,52444,C807309035,186944,387314,M549710722,456217,761595,1,0
441,CASH_OUT,220802,C770529419,467705,350425,C991906567,32309,705658,1,1
115,DEBIT,15834,C873773537,43988,17300,C212650803,694199,507026,0,0
483,CASH_OUT,67459,C749762955,265232,128404,C649309976,296514,434465,0,0
55,CASH_OUT,186593,C462516271,1379,93449,C871769353,249975,298374,0,0
162,DEBIT,206163,C705180256,400850,438715,C763248135,695438,59321,0,0
401,DEBIT,228066,C144232045,214709,340856,C226416530,680947,383094,0,0
348,CASH_OUT,122119,C986090690,295493,295727,C403554082,62508,90141,0,0
301,CASH_OUT,253117,C130465806,81060,3060,C222420042,723983,28830,0,0
168,DEBIT,131970,C187212377,318041,148063,C942629710,624099,232415,0,0
273,TRANSFER,226002,C148814238,389363,265808,C214099789,486106,556229,1,0
111,CASH_OUT,1001,C788755699,297668,99372,C634443249,442037,656921,0,0
428,PAYMENT,215857,C927878967,245840,20323,M313295228,594191,653416,0,0
367,TRANSFER,196343,C719303396,289754,357509,C753910715,98752,574605,1,0
517,DEBIT,141922,C384172112,273280,269538,C314479266,742627,487310,0,0
499,TRANSFER,75060,C799145494,85468,17529,C935327024,367808,41598,0,0
164,DEBIT,260090,C326353775,111491,327608,C382387564,696001,172472,0,0
224,PAYMENT,189873,C923515952,348302,62513,M992815061,241024,499961,0,0
572,PAYMENT,99452,C714327645,216383,438092,M661723850,4889,451816,0,0
289,PAYMENT,216850,C547306651,246991,411512,M316544937,511030,149138,0,0
140,CASH_OUT,221521,C763688866,348412,153060,C484315640,289416,352570,1,0
399,CASH_OUT,294599,C786111573,400905,146075,C855309458,332597,628759,1,0
453,TRANSFER,93209,C132519237,315594,258466,C539972403,275001,773500,0,0
634,DEBIT,135805,C634764290,481363,201466,C417130941,404241,145949,0,0
190,CASH_OUT,143414,C773412230,117399,305019,C272199842,3743,347284,0,0
320,TRANSFER,220426,C685809361,50893,179354,C142311558,322111,733815,0,0
242,PAYMENT,296029,C411032572,416037,181510,M688559516,631633,535518,0,0
630,CASH_OUT,3420,C789242701,384793,448881,C632956813,778093,283269,0,0
103,PAYMENT,58841,C424371087,168756,275455,M323009714,26014,270187,0,0
429,PAYMENT,295930,C618558050,70658,473050,M838953322,101611,335681,0,0
405,CASH_OUT,224036,C362935648,206271,134411,C616108982,181731,650329,1,0
455,DEBIT,93346,C964027324,150714,40391,C454982932,782680,9780,0,0
108,PAYMENT,46805,C966884723,238569,127521,M351798116,632337,233259,1,0
626,TRANSFER,293026,C835503313,54796,384838,C102939907,548297,386503,0,0
218,CASH_OUT,27664,C536038528,108684,142394,C113689561,600710,257023,0,0
467,PAYMENT,1232,C419367188,244697,365721,M821160591,153652,220851,0,0
25,DEBIT,4236,C586989309,125555,27676,C195566069,20875,573681,0,0
644,CASH_OUT,276793,C178354184,140547,387057,C218574293,189432,200073,1,0
470,DEBIT,292107,C839393192,294366,137046,C996823706,469965,321954,0,0
289,PAYMENT,143350,C164331134,381977,197105,M716491837,130436,599460,0,0
361,PAYMENT,1639,C269737590,439756,294786,M818356830,356459,686783,0,0
130,CASH_OUT,258209,C572022811,160527,295863,C630540166,772054,733771,1,0
57,PAYMENT,158671,C546270451,286539,474790,M260142678,220510,544403,0,0
312,TRANSFER,3726,C619960692,432,18013,C196725534,592127,228273,0,0
233,TRANSFER,158698,C598690974,256682,304603,C937009907,734611,6563,1,0
75,CASH_OUT,297694,C319068042,463134,204222,C649439435,629742,212620,1,0
146,PAYMENT,132471,C465278987,414750,308766,M180582403,761254,484408,0,0
104,PAYMENT,21676,C751396498,86649,12204,M876920515,109097,246309,0,0
489,DEBIT,236874,C254263081,494166,101206,C876934082,253730,47027,0,0
436,TRANSFER,234998,C435632899,209,456507,C208759822,434617,302408,0,0
532,CASH_OUT,272969,C871336275,498409,74779,C374762050,439707,139244,1,1
149,CASH_OUT,86536,C442863363,171172,259896,C791851361,257443,36476,0,0
625,DEBIT,297173,C888340979,121716,301570,C348206466,312282,183328,0,0
38,DEBIT,200165,C470838810,223070,186764,C590432899,717511,779276,0,0
72,DEBIT,53119,C528118701,357054,450096,C417851397,530704,167599,0,0
220,PAYMENT,251942,C240409084,279826,156837,M383602087,634378,668301,0,0
168,PAYMENT,69690,C916757816,394569,180564,M598514021,245752,251420,0,0
231,CASH_OUT,26228,C497864507,461173,404957,C153773200,57788,46659,0,0
122,PAYMENT,214939,C652955706,105736,339994,M207169001,173412,345607,0,0
243,CASH_OUT,89524,C703068400,167567,473299,C973143678,158502,683098,0,0
262,DEBIT,211755,C214014134,57450,162475,C287584639,43815,478911,0,0
344,PAYMENT,230163,C442648079,337021,216741,M142353230,613529,479894,0,0
391,CASH_OUT,289114,C359564054,264546,49262,C411994135,724689,413145,1,0
223,PAYMENT,124332,C600871106,222182,115042,M486777550,352690,153415,0,0
191,CASH_OUT,58745,C231556899,201533,435436,C960707259,517351,152150,0,0
566,TRANSFER,86697,C387195524,469791,101732,C826672529,194451,214202,0,0
353,TRANSFER,54244,C582750043,485375,357883,C435766697,304431,674104,1,0
598,DEBIT,91756,C366200875,385289,261051,C557408869,797634,112265,0,0
692,DEBIT,166358,C251266214,12062,207892,C893001503,615760,399782,0,0
215,CASH_OUT,129748,C203950725,438895,62085,C224447810,764742,730456,0,0
182,PAYMENT,172375,C154337019,246549,387664,M202003827,525285,166056,0,0
515,TRANSFER,69451,C411612760,33697,308942,C914115345,659352,60616,0,0
669,TRANSFER,146125,C512477736,306602,270855,C149273037,608725,716631,0,1
625,TRANSFER,241349,C760756497,104470,118642,C110385578,121284,717463,1,0
221,CASH_OUT,142282,C548968760,229920,351206,C248599901,103612,107721,0,0
392,TRANSFER,123905,C366578178,350218,348117,C812272035,25322,78872,0,0
335,PAYMENT,51071,C271476207,76693,52132,M794924237,128131,753604,0,0
572,DEBIT,242571,C973465185,68515,332221,C283086166,639604,143775,0,0
5,PAYMENT,271704,C451581531,258632,446300,M452896879,180394,505042,0,0
642,CASH_OUT,57321,C720286733,311256,401468,C483892122,612529,537225,0,0
639,DEBIT,127139,C874305759,320032,317176,C569992383,339233,660081,0,0
254,TRANSFER,297052,C435775088,459384,273302,C767660223,58334,52243,1,0
293,CASH_OUT,136166,C303832812,353414,46665,C388095021,296280,180060,0,0
686,TRANSFER,87608,C919395339,94348,86711,C887125715,609019,656989,0,0
274,PAYMENT,281421,C271092615,394775,197190,M199805719,681845,254477,1,0
124,CASH_OUT,181546,C635008544,265122,63472,C500099988,72439,59834,1,0
392,DEBIT,25594,C652681586,385114,339974,C975061242,59263,541689,0,0
176,DEBIT,219080,C601238919,23555,240660,C467995726,391029,727952,0,0
305,DEBIT,46132,C635539154,384755,91080,C296354549,252051,202684,0,0
584,PAYMENT,11931,C431292818,464251,271615,M222226183,280444,772793,0,0
211,PAYMENT,242213,C634047267,256392,459394,M530331581,79183,622619,0,1
208,CASH_OUT,281667,C124885365,488511,468484,C529765405,768026,491008,1,0
506,CASH_OUT,102934,C196689473,94826,486834,C590204687,49966,230314,0,1
224,TRANSFER,208381,C522240582,447454,112035,C391878557,370714,481615,1,0
110,CASH_OUT,108821,C642716859,255233,408506,C997335002,766441,472671,0,0
80,DEBIT,210548,C590947659,136016,78343,C514158850,644256,657129,0,0
436,PAYMENT,207696,C358480413,449542,329589,M840777094,166052,194068,0,0
67,DEBIT,43262,C331009561,305888,67470,C613511668,738561,795365,0,0
146,PAYMENT,175288,C726360971,19622,161577,M958885115,351169,133407,1,0
687,DEBIT,296001,C478918222,460537,394461,C552839683,789981,433886,0,0
296,DEBIT,83223,C152246275,296557,7232,C796693603,355970,212916,0,0
544,DEBIT,146261,C154267347,229766,270651,C955675121,334956,738985,0,0
686,DEBIT,158353,C402104065,277876,137687,C279077296,172648,798377,0,0
593,PAYMENT,225514,C631388604,65888,333787,M221393557,302872,774808,0,0
424,CASH_OUT,183783,C741580895,128381,253800,C242283221,507745,39913,1,0
361,TRANSFER,296718,C802506364,7310,351057,C847506709,44552,292155,1,0
476,TRANSFER,136313,C822113500,408177,402611,C879977998,630010,394879,0,0
39,DEBIT,219731,C605288784,55006,200935,C162971085,615973,252196,0,0
291,DEBIT,51124,C406819991,477317,160275,C271149511,477698,782734,0,0
12,TRANSFER,117433,C676267306,446848,429939,C211361103,138307,246027,0,0
461,TRANSFER,255758,C108780419,169524,463788,C546706352,581330,163223,1,0
146,PAYMENT,55930,C215424112,143435,474706,M734313309,549753,278369,0,0
453,DEBIT,20423,C562705171,488575,188489,C618268171,118115,634992,0,0
532,TRANSFER,138542,C243811545,117674,441913,C961425250,270041,179357,0,0
142,PAYMENT,268691,C383975609,170923,349762,M710898358,361995,557807,0,0
573,PAYMENT,45789,C881155839,289776,215494,M828419083,286788,560424,0,0
99,DEBIT,96552,C492750748,217984,128068,C570473733,760006,707597,0,0
558,CASH_OUT,192250,C920184955,470066,248876,C294627041,594206,198879,1,0
87,PAYMENT,286200,C532990767,228748,300068,M756403241,483419,696403,0,0
459,DEBIT,223134,C492922240,175207,462590,C507754288,715612,725578,0,0
356,DEBIT,262839,C148578655,391337,83360,C936621291,520335,114064,0,0
295,CASH_OUT,278126,C530121245,14780,82104,C485042651,682358,86728,0,0
289,PAYMENT,276374,C154930149,114634,373134,M756441105,490533,28390,0,0
397,PAYMENT,89453,C712335251,205463,257471,M130941191,261745,112878,0,0
170,TRANSFER,273641,C703246271,433448,33826,C834937767,58122,682192,1,0
490,PAYMENT,154522,C309009538,57730,48478,M880909484,152383,285797,0,0
323,TRANSFER,70368,C489256938,146154,385996,C240290090,179022,53629,0,0
669,TRANSFER,43639,C694018597,33545,158539,C618702826,655295,522915,0,0
323,CASH_OUT,172509,C409883716,147937,410398,C624117847,45291,353923,1,0
430,DEBIT,247083,C178954113,319065,6163,C221265692,1845,17829,0,1
200,CASH_OUT,33424,C514838889,381785,286172,C541613113,608841,774888,0,0
47,PAYMENT,163484,C641440255,463330,295043,M573185010,416919,216937,0,0
401,TRANSFER,133003,C583564328,87212,331254,C149362414,252641,641424,0,0
604,CASH_OUT,20936,C920772671,344359,160786,C168006560,220172,64467,0,0
685,TRANSFER,235041,C690404558,91549,367375,C380904676,118194,97847,0,1
667,CASH_OUT,70319,C400347789,480675,211284,C803272515,10236,284839,0,0
408,PAYMENT,125255,C986171278,490492,141879,M437410428,92313,657949,0,0
484,CASH_OUT,158766,C769200551,389913,340526,C113271672,183719,726126,1,0
583,TRANSFER,114276,C830572478,219073,414542,C856524312,471653,597143,0,0
492,TRANSFER,166012,C756102581,231704,271258,C827920634,236692,109365,1,0
76,TRANSFER,57296,C227572362,177586,188511,C663518937,374994,444162,0,0
637,TRANSFER,14490,C238151258,206384,152890,C924127682,373166,129716,0,0
673,PAYMENT,146995,C203810954,20874,122058,M898459991,8981,509993,0,0
8,CASH_OUT,156358,C522950895,486598,266013,C719172154,105494,263382,1,1
314,CASH_OUT,218927,C500718660,423501,149776,C877145921,795063,39305,1,0
660,TRANSFER,183263,C953514394,254174,480533,C706677256,449704,474329,1,0
396,CASH_OUT,264279,C464090064,42782,214992,C340501969,19455,214680,0,0
558,TRANSFER,115360,C698967370,46940,250470,C819239897,124451,591002,1,0
655,TRANSFER,46837,C492566853,451457,477542,C463247548,773085,150025,1,0
603,PAYMENT,251184,C910637681,167731,251054,M657379037,589840,279360,0,0
353,PAYMENT,11660,C254905897,216194,15909,M661677752,102666,443609,0,0
459,DEBIT,39336,C313736772,493855,304739,C838993835,464838,511048,0,0
638,CASH_OUT,103315,C746889670,248182,497957,C852242243,788525,251762,0,0
472,DEBIT,165389,C646666136,21360,71325,C763829091,542169,496142,0,0
15,PAYMENT,153878,C530986098,66691,31159,M202265468,784326,454256,1,0
693,CASH_OUT,229738,C636954564,404802,56697,C564766900,127319,655726,1,0
277,TRANSFER,124991,C143223380,127192,386910,C810509206,305242,10728,0,0
86,TRANSFER,2259,C148644109,496607,208994,C880236611,149333,668745,0,0
145,DEBIT,982,C141783553,68049,160482,C366907512,432331,189668,0,0
632,PAYMENT,60286,C247141682,62543,390503,M617468048,748501,632621,0,0
635,DEBIT,70574,C866213410,316689,427485,C471245687,476684,787725,0,0
385,TRANSFER,52327,C457599735,286629,285509,C812653878,350891,670095,0,0
305,PAYMENT,160499,C963251765,73704,415331,M826166835,257716,198579,0,0
259,PAYMENT,55656,C608678910,351549,81541,M788702788,542516,404520,0,0
25,TRANSFER,241140,C657629251,113096,469911,C513258121,234729,63944,1,0
613,CASH_OUT,188169,C590687732,341430,219393,C259616499,765034,68582,1,0
436,PAYMENT,28009,C259923818,75851,93616,M987380851,660261,491135,0,0
477,CASH_OUT,117008,C750967273,475881,115503,C699517559,30982,94328,0,0
550,TRANSFER,192998,C653520069,332171,174735,C758111412,799093,229147,1,0
596,DEBIT,159572,C250088694,247414,137837,C158589922,771365,693556,1,0
216,DEBIT,254922,C452150647,320326,99280,C112503578,766505,605814,0,0
138,CASH_OUT,251766,C758276886,260587,350082,C790844104,431030,478988,1,0
319,PAYMENT,97562,C442019016,364688,393850,M268499484,712787,763942,0,0
295,PAYMENT,287162,C274485243,449049,133624,M642849045,428416,371969,0,0
66,CASH_OUT,241199,C521931770,18756,360256,C603895158,352186,623693,0,0
35,CASH_OUT,202559,C761962359,278910,249072,C632398698,623540,493936,1,0
313,TRANSFER,106933,C893838119,303931,214738,C277601056,487943,298510,0,0
73,PAYMENT,3152,C421300425,394718,184885,M180385942,533609,467216,0,0
604,TRANSFER,206351,C737506993,194243,458998,C906841821,438866,654848,1,0
84,CASH_OUT,210487,C461178244,352895,44387,C627902980,523846,106393,1,0
463,PAYMENT,152424,C644725317,365500,304751,M444277942,328779,425305,0,0
418,TRANSFER,47114,C989368954,377636,421280,C358655621,542528,204470,0,0
53,DEBIT,198739,C647301347,265406,453181,C455295629,524532,557830,0,0
592,PAYMENT,218268,C671595541,395324,110205,M398668947,579088,145991,0,0
113,PAYMENT,188968,C625968839,343686,195428,M154063666,142290,335782,0,0
618,PAYMENT,235261,C861003571,343136,259925,M644311226,467854,156359,0,0
154,PAYMENT,65130,C704435323,370134,280027,M339129305,256445,737392,0,0
537,TRANSFER,294578,C421897671,102488,381087,C691090113,215192,310894,1,0
159,DEBIT,4125,C609912042,218712,423882,C790756707,426228,376756,0,0
471,DEBIT,83391,C975903641,420466,355734,C506559022,591880,163148,0,0
574,CASH_OUT,292806,C117863798,137852,156844,C533015368,387335,301743,1,0
346,PAYMENT,51133,C495521185,472548,346418,M977357994,752744,709697,0,0
366,CASH_OUT,261949,C455665802,474095,320589,C352329335,54583,700823,1,0
342,TRANSFER,3109,C823494111,84433,193596,C184643708,641157,320338,0,0
476,DEBIT,13365,C217687031,373337,317952,C592949064,731368,607475,0,0
40,DEBIT,13540,C547256709,327091,134511,C576944168,602288,161466,0,0
371,PAYMENT,299577,C726745401,234484,254606,M960347752,691419,411496,0,0
617,TRANSFER,29163,C430366556,58601,113828,C715291571,413146,623267,0,0
414,PAYMENT,206708,C955508961,287248,223674,M581142194,585619,789466,0,0
124,DEBIT,156264,C878810937,122834,170914,C194510603,541060,755897,0,0
285,CASH_OUT,37152,C838781242,172074,62471,C635213213,384325,153893,0,0
86,DEBIT,113727,C775663302,247066,287374,C580035742,607050,572239,0,0
500,DEBIT,199394,C128612164,361548,264323,C439368482,783185,703332,0,0
562,TRANSFER,296020,C740926818,85990,158145,C227460504,630971,18179,0,0
241,PAYMENT,175958,C609587361,239423,424904,M634050562,281097,278833,0,0
178,DEBIT,32674,C385111130,376620,157591,C900194244,486476,239285,0,0
397,PAYMENT,191996,C803935444,276835,319158,M801553920,695169,645026,0,1
143,CASH_OUT,269379,C940636753,347909,348756,C119079456,346872,604625,1,0
101,DEBIT,227544,C933397627,469837,475717,C210212429,640648,163704,0,0
249,TRANSFER,26126,C721132087,333636,81991,C533190034,128568,115158,0,0
289,TRANSFER,74954,C720230209,243480,104509,C542745150,307410,180046,0,0
696,CASH_OUT,238757,C344322679,363581,291799,C138474240,146123,611204,1,0
460,PAYMENT,67543,C874597473,481247,69803,M698214865,83100,710568,0,0
228,DEBIT,88080,C155142186,137925,415191,C689590340,28365,53205,0,0
302,TRANSFER,41447,C726553348,146836,171840,C100182231,493570,653935,0,0
577,TRANSFER,20465,C615877957,48068,26467,C986812783,513168,281594,0,0
598,CASH_OUT,128004,C283085932,53010,75992,C197598351,513796,781085,0,0
179,CASH_OUT,115475,C662890182,59072,400626,C950170825,22222,746055,0,0
610,CASH_OUT,9097,C775410705,73535,279250,C748758323,758947,372174,0,0
341,TRANSFER,80265,C874364174,41548,296161,C764717221,476657,148408,0,0
78,CASH_OUT,187528,C765436255,391806,151969,C784551346,185922,175210,1,0
263,TRANSFER,24463,C931726993,441887,144535,C427059567,753996,790505,1,0
296,PAYMENT,219830,C508226265,89506,289324,M645823493,757496,66538,0,0
397,TRANSFER,16635,C258672959,438655,108668,C703800000,179729,128476,0,0
2,CASH_OUT,10689,C982252092,437365,224083,C322104833,333735,334796,0,0
473,CASH_OUT,192553,C830924936,47098,143635,C802867083,760151,377157,0,0
223,PAYMENT,21441,C360056579,447760,307172,M820990117,372222,271639,0,0
637,PAYMENT,177329,C133898577,251227,48115,M589849525,38805,668975,0,0
337,CASH_OUT,152476,C714792641,101398,453503,C465989408,52756,66141,1,0
282,PAYMENT,173786,C852178601,146479,72788,M490136011,526961,655860,0,0
195,PAYMENT,170735,C217999418,472862,464981,M986170931,691349,271601,0,0
63,TRANSFER,9737,C304853117,335417,240678,C158277565,226801,626365,0,0
536,DEBIT,275481,C120333847,73631,463819,C976805431,217054,354347,0,0
623,PAYMENT,52435,C573561557,141154,42039,M339356496,365130,583188,0,0
414,TRANSFER,78940,C436824737,458076,307674,C587972689,414170,515046,0,0
304,TRANSFER,241522,C549661921,383170,27453,C456452891,707508,429283,1,0
73,TRANSFER,299077,C262598077,446880,31153,C701457391,421128,578800,1,0
682,DEBIT,249532,C543412542,214560,477334,C924007087,729643,409462,0,0
330,PAYMENT,191044,C841419015,306792,407395,M765460052,371831,222143,0,0
483,CASH_OUT,157312,C318927025,383267,497165,C744192644,903,73185,1,0
20,PAYMENT,272602,C540639384,418069,437826,M608023421,689834,192527,0,0
98,CASH_OUT,282329,C638824588,375910,232842,C869505738,335206,191026,1,0
554,TRANSFER,65684,C932120169,443232,53281,C805627914,265199,488775,0,0
47,TRANSFER,153806,C756569565,208270,305858,C490084550,178872,560468,1,1
500,CASH_OUT,107824,C606382505,429351,295215,C868706268,381234,714564,0,0
508,CASH_OUT,54015,C890099255,154195,304587,C585903027,75379,592769,0,0
648,CASH_OUT,14899,C881042056,35790,6764,C222431652,567607,369956,0,0
551,CASH_OUT,210088,C166874023,180580,341447,C204622201,663468,268617,1,0
312,TRANSFER,113112,C857820386,84258,450067,C915313588,522059,752341,0,0
338,CASH_OUT,231625,C248264937,139190,383040,C807499502,234648,180499,1,0
327,DEBIT,145586,C656931857,490643,436282,C338099150,7176,625536,0,0
540,TRANSFER,259525,C322631460,234417,437869,C102358958,562464,723920,1,0
227,DEBIT,135493,C702247585,355967,5913,C466529415,267014,454325,0,0
509,CASH_OUT,49534,C449019278,279934,442007,C481327572,101046,243758,0,0
211,PAYMENT,116954,C811060614,66267,383821,M991081037,456201,212810,0,0
385,PAYMENT,104772,C613646933,233984,57207,M780388507,263211,724434,0,0
227,PAYMENT,298727,C664226794,108443,465054,M958899743,186110,404181,0,0
698,CASH_OUT,173601,C504612520,360565,322433,C413514967,796680,634101,1,0
645,DEBIT,114997,C436889280,148345,328443,C688078280,585128,453968,0,0
588,DEBIT,90778,C285953213,264954,172438,C660477218,12875,624533,0,0
161,CASH_OUT,29877,C593559955,318365,186968,C501461715,11952,565451,0,0
109,TRANSFER,293015,C672440825,258245,199378,C853869899,751545,620911,1,0
21,CASH_OUT,26493,C467570835,228870,294740,C214162630,705641,761573,0,0
442,TRANSFER,257436,C686556403,165803,420630,C149153870,161554,577437,1,0
608,PAYMENT,110184,C480412754,176443,272273,M276260482,180697,281907,0,0
547,DEBIT,266483,C825708356,31385,496564,C628734252,276383,612817,0,0
490,CASH_OUT,82415,C928917719,216096,290911,C250806165,25968,642313,1,0
2,PAYMENT,54097,C874086851,263218,357855,M982442542,504283,743987,0,0
491,TRANSFER,81299,C830945329,55264,313241,C869718389,189637,656248,0,0
604,TRANSFER,297002,C790747887,119498,211321,C897264993,774769,736496,1,0
497,DEBIT,33477,C962915335,438748,302865,C874768179,508252,279297,0,0
675,PAYMENT,135017,C844439496,457730,46229,M539386707,269608,708012,0,0
401,PAYMENT,297325,C383856728,392761,102201,M214849044,733478,746640,0,0
517,DEBIT,86422,C755064741,83583,63146,C373041065,523604,286102,0,0
414,DEBIT,294543,C619884429,45712,188279,C755897094,464175,685305,0,0
254,PAYMENT,76536,C306442077,390989,458024,M310369078,22007,330927,0,0
313,CASH_OUT,153985,C364697908,349454,343127,C301373196,225997,645558,1,0
101,CASH_OUT,22359,C399580835,273363,72828,C229649816,727002,357105,0,0
13,CASH_OUT,22716,C699240979,420547,114427,C521869399,63528,697600,0,0
548,PAYMENT,112664,C420511037,19510,144854,M331487470,238078,51786,0,0
391,TRANSFER,76398,C341449138,20968,290160,C590749409,60282,413831,0,0
613,PAYMENT,47050,C419561201,39218,450973,M985358270,717654,742711,0,1
602,PAYMENT,18767,C928042067,126839,46023,M939043773,677748,210694,0,0
425,TRANSFER,268285,C410315830,377784,180889,C304632391,505096,106887,1,0
563,DEBIT,103964,C856881618,290006,485714,C869645166,634157,241851,0,1
521,CASH_OUT,270661,C322562836,198715,226293,C462853390,703577,161928,1,0
461,TRANSFER,44136,C841139461,401809,138709,C215712585,658197,614773,0,0
272,PAYMENT,285028,C856975382,331146,454377,M912982916,87073,3376,0,0
531,TRANSFER,101589,C625063062,113694,423380,C545034151,128513,315792,0,0
690,CASH_OUT,175137,C440419907,463857,443347,C149929379,514922,418158,1,0
373,PAYMENT,228438,C615185000,254657,492290,M779936769,50151,147745,0,0
115,CASH_OUT,256533,C474524558,167984,296437,C999222522,461365,303682,1,0
659,PAYMENT,257265,C701818966,419421,488850,M821706730,78038,152931,0,0
354,TRANSFER,68459,C954059995,442263,422374,C732231115,3881,290318,0,0
22,CASH_OUT,56216,C874881231,77271,272499,C232305596,455235,686838,0,0
182,TRANSFER,142529,C393622794,305364,340641,C929084565,146539,376556,0,0
662,CASH_OUT,129653,C409011489,374472,442436,C583725630,771668,734391,0,0
676,DEBIT,3274,C230861323,447127,120601,C591116494,738165,162867,0,0
39,CASH_OUT,35024,C715766024,298634,188088,C807012492,334341,374255,0,0
